Films;Note Globale;Date
Couple de stars;3.0;2001-10-31
L'Amour a ses raisons;1.4;2011-06-15
Cherchez la femme;3.4;2017-06-28
Bienvenue au Gondwana;2.4;2017-04-12
Gangsterdam;2.0;2017-03-29
Whatever Works;3.9;2009-07-01
La confiance règne;2.9;2004-11-10
Même pas mal ! (Dodgeball);3.4;2004-09-22
Mary à tout prix;4.0;1998-11-11
Le Coeur des hommes 3;1.8;2013-10-23
Alvin et les Chipmunks - A fond la caisse;1.8;2016-02-03
Sur la piste du Marsupilami;3.8;2012-04-04
Gang de requins;2.8;2004-10-13
Laisse tes mains sur mes hanches;3.6;2003-04-02
Paris of the North;2.8;2015-03-25
Le Dictateur;5.0;1945-04-01
Magic Mike;3.4;2012-08-15
Disco;2.0;2008-04-02
Toutes les filles sont folles;3.0;2003-05-07
Tu veux ou tu veux pas;2.0;2014-10-01
Donnant, Donnant;1.5;2010-10-06
Brüno;3.6;2009-07-22
Souris City;3.1;2006-11-29
Mon petit doigt m'a dit;4.0;2005-04-13
La Colle;1.9;2017-07-19
102 dalmatiens;2.9;2001-01-31
Essaye-moi;3.3;2006-03-15
Où avais-je la tête ?;2.1;2008-01-23
Loue-moi !;2.7;2017-07-05
Des nouvelles de la planète Mars;3.4;2016-03-09
Scary Movie 3;3.1;2003-12-24
Viva La Libertà;3.2;2014-02-05
Les Croods;3.8;2013-04-10
Cinq minutes de détente;2.0;1999-04-14
Sri Lanka National Handball Team;3.1;2009-08-19
Goodbye Solo;3.7;2009-09-09
L'Ex de ma vie;2.5;2014-06-25
Gomez & Tavarès;2.9;2003-05-07
Paddington 2;4.0;2017-12-06
Trop, c'est trop !;2.3;2001-07-11
Qui m'aime me suive;3.0;2006-07-05
Secrets de famille;2.9;2006-05-10
Les Kaïra;3.3;2012-07-11
Demi-soeur;1.3;2013-06-05
A trois on y va;3.9;2015-03-25
Cowboy;3.5;2007-12-05
We are the best!;3.2;2014-06-04
Hanté par ses ex;2.0;2009-06-17
Aimer, boire et chanter;3.7;2014-03-26
Un été à Osage County;2.9;2014-02-26
De l'autre côté du périph;2.9;2012-12-19
Par suite d'un arrêt de travail...;2.8;2008-07-02
La prima cosa bella;3.0;2011-06-29
Père Noël Origines;3.3;2011-12-14
Emmenez-moi;2.8;2005-07-13
Une grande année;1.8;2007-01-03
Julie et Julia;2.5;2009-09-16
Imogène McCarthery;2.6;2010-05-05
Un Taxi pour trois;3.9;2003-01-29
Un Petit Boulot;3.5;2016-08-31
Vampires;2.6;2010-09-01
Une fiancée pas comme les autres;3.1;2008-12-24
Woman on the Beach;4.2;2008-08-20
Everybody famous;3.1;2001-11-28
American Pie 2;2.2;2001-10-17
A very Englishman;2.8;2013-06-19
New York-Miami;4.7;2015-02-04
Comme les autres;3.0;2008-09-03
Le Dernier pub avant la fin du monde;3.2;2013-08-28
Les Gazelles;3.4;2014-03-26
3 fois 20 ans;2.1;2011-07-13
Quelques kilos de dattes pour un enterrement;3.1;2011-06-01
Lucas, fourmi malgré lui;2.9;2006-08-09
Célibataire, mode d'emploi;2.4;2016-03-02
Les Emotifs anonymes;3.4;2010-12-22
Les Aventures de Rocky et Bullwinkle;2.3;2000-11-22
Appelez-moi Kubrick;2.4;2006-01-04
Rien que pour vos cheveux;3.1;2008-08-27
800 balles;3.1;2004-04-14
Trésor;2.2;2009-11-11
Madagascar;3.6;2005-06-22
Gosford Park;4.2;2002-03-20
Seuls Two;3.5;2008-06-25
Un Aller simple;2.7;2001-05-30
Anita n'en fait qu'à sa tête;3.0;2002-11-06
Chercher le garçon;3.5;2012-05-09
Où sont passés les Morgan ?;3.0;2010-01-20
God Bless America;3.1;2012-10-10
Le Coeur à l'ouvrage;2.5;2000-07-12
Les Adversaires;2.8;2001-01-10
Napoléon (et moi);1.9;2006-10-18
Low Cost;2.0;2011-06-08
La Dilettante;3.4;1999-07-07
9 mois ferme;4.1;2013-10-16
La Bûche;3.3;1999-11-27
Raymond;1.6;2006-05-24
Scary Movie 2;3.0;2001-07-25
Mercredi, folle journée !;3.8;2001-03-28
Les Clefs de bagnole;3.2;2003-12-10
Bande de sauvages;2.0;2007-06-13
Chouquette;2.4;2017-08-02
American Dreamz;3.3;2006-06-07
Serial noceurs;3.2;2005-08-10
Mauvais esprit;2.1;2003-11-05
Tournée;4.4;2010-06-30
JC Comme Jésus Christ;2.3;2012-02-08
Cyrus;3.1;2010-09-15
Parenthèse;2.8;2016-07-20
The Waterboy;2.7;1999-06-09
Dumb & Dumber De;2.9;2014-12-17
20 ans d'écart;3.6;2013-03-06
Lilo & Stitch;3.7;2002-06-22
Moi, Michel G, Milliardaire, Maître du monde;3.2;2011-04-27
Vert Paradis;3.3;2004-02-18
Madame;2.8;2017-11-22
Beautés empoisonnées;2.9;2001-09-26
Fais-moi rêver;2.3;2004-04-21
Rien que du bonheur;2.4;2003-05-14
Sans nouvelles de Dieu;2.5;2003-06-18
La Vraie vie des profs;2.4;2013-02-20
Sexy movie;1.4;2006-04-26
RTT;2.2;2009-12-09
Monty Python, la vie de Brian;3.7;2004-04-07
25 Watts;3.1;2003-12-24
Neuilly sa mère !;2.7;2009-08-12
Hey, Happy !;2.8;2001-12-19
Le Skylab;3.2;2011-10-05
Kiss kiss (Bang Bang);2.3;2001-11-07
Vicky Cristina Barcelona;3.9;2008-10-08
Epouse-moi;2.7;2000-01-19
Ma caméra et moi;3.1;2002-07-10
Dance Movie;1.3;2009-10-28
Kung Fu Panda 3;3.4;2016-03-30
Le Bison (et sa voisine Dorine);3.1;2003-06-04
S.O.S. Fantômes;2.6;2016-08-10
Cherchez Hortense;3.5;2012-09-05
Au suivant !;2.6;2005-07-06
Mon frère se marie;3.5;2007-01-31
(S)ex List;2.2;2011-10-05
Mensonges et trahisons et plus si affinités...;3.6;2004-09-08
La Femme invisible;2.9;2009-07-22
L’ Interview qui tue !;2.1;2015-01-28
The Last: Naruto the Movie;2.6;2015-05-13
Les Meilleurs amis du Monde;2.5;2010-06-09
Siam Sunset;2.8;2000-08-02
Sex Friends;2.3;2011-02-16
J'arrête quand je veux;2.8;2014-08-06
For Your Consideration;2.9;2007-10-17
Amor al primer nieto;3.3;2015-11-11
Saint Amour;3.4;2016-03-02
Big Bad Wolves;2.4;2014-07-02
Aurore;3.4;2017-04-26
100% Cachemire;1.8;2013-12-11
Et toi, t'es sur qui ?;3.8;2007-06-13
30 Beats;1.9;2012-03-21
Les Pingouins de Madagascar;3.2;2014-12-17
Le Créateur;3.4;2001-08-21
Rose & noir;1.8;2009-10-14
La Chance de ma vie;3.1;2011-01-05
Deuxième vie;2.7;2000-10-25
Leçons d'amour à l'Italienne;3.2;2006-07-05
Paulette;2.6;2013-01-16
Whiteboys;3.0;
Pas sur la bouche;4.2;2003-12-03
La Famille Jones;2.7;2010-11-17
Shall we dance ? La Nouvelle vie de Monsieur Clark;2.2;2005-05-04
Comment tuer le chien de son voisin;3.3;2003-03-05
Les Deux amis;3.6;2015-09-23
Bob l'éponge - Le film : Un héros sort de l'eau;2.8;2015-02-18
Caprice;3.5;2015-04-22
Dikkenek;2.5;2006-06-21
L'Affaire Marcorelle;3.3;2000-09-13
Un mari idéal;3.3;1999-12-15
Les Mauvaises herbes;3.3;2017-04-05
Sexy boys;2.3;2001-12-26
The Yes Men;3.8;2005-04-01
The Holiday;2.4;2006-12-27
La Beuze;2.7;2003-02-05
Heavy Girls;2.9;2013-05-29
Bad Company;2.6;2002-07-17
Randonneurs Amateurs;2.1;2016-01-13
Les Aventures de Tigrou;3.8;2000-10-18
A la carte;2.1;2009-09-09
De plus belle;3.3;2017-03-08
Logan Lucky;3.7;2017-10-25
Cendrillon & le prince (pas trop) charmant;1.9;2007-03-28
Les Gaous;2.5;2004-07-07
Toi et moi... et Duprée;1.9;2006-11-08
Je reste !;2.5;2003-10-01
Hotel Normandy;2.3;2013-05-08
Rumba;4.0;2008-09-10
Avril et le monde truqué;3.7;2015-11-04
Elle critique tout !;2.2;2004-12-01
Le Grand appartement;3.2;2006-12-27
Crush le club des frustrées;3.2;2003-11-26
2 Days In New York;3.4;2012-03-28
Steak;2.4;2007-06-20
Un amour à New York;3.2;2002-02-20
Le Raid;2.2;2002-03-27
Esprit de famille;3.1;2005-12-28
L'Oncle de Brooklyn;4.0;2013-07-03
Chansons du deuxième étage;3.7;2000-10-11
Chassé-croisé à Manhattan;1.5;2006-11-22
Le sens des affaires;3.1;2000-08-23
La Panthère Rose;2.3;2006-03-08
Mars à table !;2.8;2000-07-19
Mi$e à prix;3.1;2007-08-01
Tellement proches;3.3;2009-06-17
A vif !;2.3;2015-11-04
Saved!;3.5;2005-05-11
Le Ruisseau, le pré vert et le doux visage;3.8;2016-12-21
Le Vélo de Ghislain Lambert;2.8;2001-10-31
Le Boulet;3.2;2002-04-10
Tel père, telle fille;2.9;2007-08-01
Bienvenue chez les Robinson;3.1;2007-10-17
Getting Any ?;3.1;2001-08-15
Cyprien;2.1;2009-02-25
Norm;2.1;2016-12-21
DieuMerci !;3.3;2016-03-09
Fous d'Irène;3.8;2000-06-21
Bad Moms 2;2.7;2017-11-29
Les Rebelles de la forêt;2.4;2006-10-18
La Vérité si je mens ! 3;2.2;2012-02-01
Toy Boy;2.6;2009-07-08
Les Aventures de Tsatsiki;3.7;2000-12-13
Un mari de trop;2.3;2008-08-27
L'Ile de Nim;2.8;2008-04-09
Le Prochain Film;3.2;2013-08-21
Papa ou maman;3.6;2015-02-04
Bienvenue à Marly-Gomont;3.2;2016-06-08
Amazone;2.3;2000-06-19
Irrésistible Alfie;2.6;2004-12-29
Lucky Break;2.5;2003-07-30
La Débandade;2.9;1999-10-06
Miss Montigny;2.8;2007-05-02
La Mujer Sin Piano;3.5;2011-07-13
Le Nom des gens;3.7;2010-11-24
Divorces;2.2;2009-10-14
RAID Dingue;2.8;2017-02-01
Les Délices de Tokyo;3.9;2016-01-27
Un Profil Pour Deux;3.0;2017-04-12
Bachelorette;2.2;2012-10-17
22 Jump Street;3.5;2014-08-27
2 automnes 3 hivers;3.2;2013-12-25
Smiley Face;2.9;2008-01-16
Lou ! Journal infime;2.2;2014-10-08
Tout pour l'oseille;2.7;2004-05-12
Le Soleil au-dessus des nuages;3.4;2001-05-02
Maggie a un plan;3.2;2016-04-27
La Légende de Despereaux;2.8;2009-02-11
Kiss kiss, bang bang;3.7;2005-09-14
Nanny McPhee et le Big Bang;2.5;2010-03-31
Toy Story 2;4.3;2000-02-02
Queen Size Bed;2.4;2007-10-31
Two Hundred Thousand Dirty;2.6;2014-07-16
Je fais feu de tout bois;3.0;2012-05-30
Little Nicky;2.4;2000-11-22
Boys and Girls;2.4;2001-07-11
Jamais le premier soir;2.1;2014-01-01
Les Souvenirs;3.5;2015-01-14
Happy Accidents;3.1;2001-09-12
Demain Tout Commence;3.2;2016-12-07
Les Gens honnêtes vivent en France;2.2;2005-03-02
Le Séminaire;3.0;2009-02-11
Les Francis;3.2;2014-07-23
Avant la fin de L'été;3.5;2017-07-12
Potins mondains et amnésies partielles;2.2;2001-07-18
L'Avion;3.0;2005-07-20
Tickets;2.8;2007-11-28
Robin des bois, la véritable histoire;2.3;2015-04-15
Chic!;3.0;2015-01-07
Parlez-moi de la pluie;3.3;2008-09-17
Une vie à deux;2.5;2000-05-24
Men In Black III;3.2;2012-05-23
La Tentation de Jessica;3.6;2002-10-16
La Ferme, une comedie bio;2.1;
Pas de repos pour les braves;3.3;2003-11-12
Je me tue à le dire;3.4;2016-07-06
La Nouvelle Eve;3.9;1999-01-27
Scary Movie;3.3;2000-10-25
Astérix et Obélix contre César;3.1;1999-02-03
Very Bad Trip;3.7;2009-06-24
Hors de prix;3.4;2006-12-13
Connie et Carla;3.5;2004-09-01
Les Visiteurs en Amérique;3.0;2001-04-11
Go;2.9;1999-08-24
La Corne d'abondance;3.2;2010-02-03
Rock'N'Love;2.8;2012-04-18
Absolutely Anything;2.3;2015-08-12
Target;1.8;2012-03-21
Drôles D'oiseaux;2.9;2013-08-14
Ca ira mieux demain;3.7;2000-11-15
Mes amis;2.3;1999-06-02
En route !;3.2;2015-04-15
Tamara Drewe;4.0;2010-07-14
Les Bienfaits de la colère;3.5;2005-08-24
La Ferme en folie;2.9;2007-02-21
Free Fire;2.7;2017-06-14
À fond;2.9;2016-12-21
L'Américain;2.1;2004-07-07
Bridget Jones Baby;3.4;2016-10-05
Les Filles, personne s'en méfie;2.3;2003-08-06
Le Démon de midi;2.5;2005-06-22
Le Fabuleux destin d'Amélie Poulain;4.3;2001-04-25
Pourquoi pas moi?;3.5;1999-01-06
Escrocs mais pas trop;3.4;2000-12-06
Madame Brouette;3.5;2004-07-21
Je suis à toi;2.9;2015-10-07
On a failli être amies;3.5;2014-06-25
J'invente rien;2.9;2006-08-16
Honest;3.0;
Samba;3.6;2014-10-15
Crazy kung-fu;4.1;2005-06-08
Pride;3.7;2014-09-17
Présentateur vedette : la légende de Ron Burgundy;3.5;2005-05-18
Séduction en mode mineur;3.2;2002-12-04
Joséphine s'arrondit;3.2;2016-02-10
Newcastle Boys;2.5;2001-02-14
Big Daddy;2.7;1999-09-22
Maybe Baby ou Comment les Anglais se reproduisent;2.8;2000-10-11
Modern Love;2.2;2008-03-12
Very Bad Cops;3.3;2010-10-27
T.I.C. (Trouble involontaire convulsif);3.2;2004-08-04
Mon beau-père et moi;3.4;2001-01-03
Les Derniers jours du disco;3.3;1999-08-25
Pas si simple;2.8;2009-12-23
Fido;3.2;2007-08-01
Banana;2.8;2016-11-30
Kevin & Perry;2.3;2001-08-15
American pie : marions-les !;3.0;2003-10-15
Casting Sauvage;2.9;2015-02-11
Votre majesté;1.9;2011-09-07
Treize à la douzaine;2.4;2004-04-14
Un fil à la patte;3.4;2005-04-27
White Night Wedding;2.6;2010-07-21
La Peau de Bax;3.5;2015-11-18
Chacun son cinéma;3.9;2007-10-31
La Coccinelle revient;2.7;2005-08-03
Lullaby;1.9;2010-12-01
All That I Love;3.2;2011-04-20
Coursier;2.6;2010-02-24
#Chef;2.8;2014-10-29
Le Chien du jardinier;2.6;2000-04-12
Jusqu'à ce que la fin du monde nous sépare;2.9;2012-12-21
Le Mexicain;2.4;2001-04-25
Le Coût de la Vie;3.4;2003-07-30
Jour blanc;2.3;2000-11-15
Starbuck;3.4;2012-06-27
Joséphine;3.2;2013-06-19
L'Incroyable destin de Harold Crick;3.2;2007-01-10
L'Arnacoeur;4.0;2010-03-17
Number One;2.6;2009-09-23
Marseille;2.6;2016-03-16
Ce Qui Nous Lie;3.2;2017-06-14
Spinal Tap;3.8;2000-11-01
Girl Next Door;2.9;2004-12-29
Un chic type;2.9;2011-02-02
Bienvenue chez les Ch'tis;3.6;2008-02-27
Un De trop;3.3;2000-07-19
Plan de table;1.9;2012-04-11
Tu honoreras ta mère et ta mère;2.9;2013-02-06
L'Entente cordiale;1.2;2006-06-21
Bad Teacher;2.4;2011-07-27
L'Irlandais;3.4;2011-12-21
Mais qui a tué Mona ?;2.1;2001-08-15
Bronx à Bel Air;2.9;2003-08-06
Austin Powers - l'espion qui m'a tirée;3.2;1999-10-27
Fair play;2.7;2006-09-06
The Color Wheel;3.1;2012-08-01
Frère Noël;1.5;2007-12-26
Shrek le troisième;3.2;2007-06-13
You Kill Me;3.2;2007-07-25
Mariées mais pas trop;2.1;2003-07-09
Je me suis fait tout petit;2.7;2012-07-11
La Fine équipe;3.2;2016-11-30
Punch-drunk love - Ivre d'amour;4.0;2003-01-22
Télé Gaucho;2.8;2012-12-12
Sexe entre amis;2.5;2011-09-07
Barbecue;2.3;2014-04-30
Ca se soigne?;2.0;2008-02-06
Fantastic Mr. Fox;4.3;2010-02-17
Ensemble, nous allons vivre une très, très grande histoire d'amour...;3.0;2010-04-07
Ave, César!;3.6;2016-02-17
Solange et les vivants;2.2;2016-03-09
Amour, piments et bossa nova;2.8;2000-09-27
Le Cactus;2.6;2005-12-14
J'veux pas que tu t'en ailles;2.4;2007-04-25
L'Anniversaire de Leïla;3.4;2009-07-22
Turbo;3.2;2013-10-16
Enfin veuve;1.9;2008-01-16
Un mariage de rêve;3.4;2009-05-06
Vertiges de l'amour;2.9;2001-12-19
Ma bonne étoile;2.3;2012-07-11
Et si c'était vrai...;2.5;2005-11-23
Juste une fois !;2.6;2007-02-21
Coup de foudre à Notting Hill;3.8;1999-08-18
Transamerica;3.6;2006-04-26
Débarquement immédiat;2.4;2016-07-13
Chouchou;3.3;2003-03-19
Nos amis les flics;2.9;2004-08-04
Personal Affairs;3.2;2017-03-01
Lady Vegas -  Les Mémoires d'une joueuse;1.7;2012-08-08
Micmacs à tire-larigot;3.0;2009-10-28
La Ville fantôme;2.9;2009-03-11
Night and Day;2.9;2010-07-28
Shérif fais-moi peur, le film;2.3;2005-08-24
San Antonio;2.3;2004-07-21
Aaltra;3.8;2004-10-13
Des Lendemains qui chantent;3.1;2014-08-20
Jugez-moi coupable;3.3;2006-09-13
Mafia parano;2.7;2001-12-05
Listen Up Philip;3.2;2015-01-21
99 francs;3.0;2007-09-26
L'Amour extra large;3.0;2002-03-06
Mia Madre;4.3;2015-12-02
Personne n'est parfait(e);2.5;2000-03-15
Nicotina;2.7;2004-10-27
Séduction à l'irlandaise;3.0;2000-12-27
Pecker;3.8;1999-06-02
Astérix et Obélix : au service de Sa Majesté;3.2;2012-10-17
Moi César, 10 ans 1/2, 1,39 m;3.3;2003-04-09
Capitaine Superslip;2.6;2017-10-04
Mince alors !;2.5;2012-03-28
Le Siffleur;2.3;2010-01-06
Demandez la permission aux enfants !;2.5;2007-04-04
Red;2.8;2010-11-17
Le Magasin des suicides;3.1;2012-09-26
Semi-Pro;2.7;2008-05-14
Stars 80, la suite;1.6;2017-12-06
Un mois en Thaïlande;3.2;2013-06-26
Les Saveurs du palais;3.2;2012-09-19
Le Trésor;3.8;2016-02-10
Le Mytho - Just Go With It;1.8;2011-03-23
Osmose;3.0;2004-05-05
Johnny English, le retour;2.7;2011-10-19
L'Amour, six pieds sous terre;2.9;2004-07-28
Les Stagiaires;2.1;2013-06-26
Ordinary Decent Criminal;2.6;2000-07-19
American Ultra;2.9;2015-08-19
L'Effet Aquatique;3.9;2016-06-29
J'irai cracher sur vos tongs;2.2;2005-03-02
Soyez sympas, rembobinez;3.8;2008-03-05
Un crime au paradis;2.9;2001-02-28
Mariage à l'anglaise;3.3;2013-04-10
Dix hivers à Venise;2.9;2012-02-15
C'est le bouquet !;3.3;2002-12-11
Mes Héros;2.4;2012-12-12
Le Challat de Tunis;3.9;2015-04-01
Joyeuse Fête des Mères;3.0;2016-05-25
Garde alternée;2.4;2017-12-20
Monday;2.4;2001-10-03
Battle of the Sexes;3.4;2017-11-22
West Coast;2.1;2016-04-27
Envoyés très spéciaux;3.0;2009-01-21
Cours toujours Dennis;2.6;2008-03-05
Un prof pas comme les autres;2.4;2014-11-12
Shopping de nuit;2.7;2004-02-11
Queen of Montreuil;3.8;2013-03-20
Les Papas du dimanche;2.0;2012-01-25
Je me fais rare;3.3;2006-06-28
Family Man;2.9;2000-12-20
L'Embarras Du Choix;2.8;2017-03-15
Coco;1.8;2009-03-18
Le Direktør;3.6;2007-02-28
La Jouissance des hysteriques;2.4;
La Merveilleuse odyssée de l'idiot toboggan;2.6;2002-04-03
Frangins malgré eux;3.9;2008-11-19
Bab el web;3.0;2005-03-16
Les Malheurs de Sophie;3.4;2016-04-20
Mickey les yeux bleus;2.9;1999-11-03
Big Mamma;2.7;2000-08-02
Rouge à lèvres et arme à feu;2.9;2001-11-21
1 duplex pour 3;3.3;2004-07-07
Les Rues de Pantin;3.3;2016-11-23
L'Anniversaire;2.2;2005-09-21
Les Percutés;2.7;2002-07-31
21 Jump Street;2.7;2012-06-06
A tout jamais, une histoire de Cendrillon;2.8;1999-02-10
Des gens qui s'embrassent;1.9;2013-04-10
Scott Pilgrim;3.4;2010-12-01
OSS 117 : Rio ne répond plus;4.1;2009-04-15
Mobile Home;3.5;2012-08-29
Deep End;4.9;2011-07-13
Stalag 17;3.7;2013-09-11
Case départ;3.0;2011-07-06
Mon espion préféré;1.4;2008-11-05
Echange standard;2.1;2011-12-28
Gianni et les femmes;3.3;2011-06-01
La Valse des gros derrières;3.0;2004-06-23
Ma super ex;2.7;2006-09-13
Problemos;3.3;2017-05-10
Bâtards;3.0;2002-11-13
Le ciel, les oiseaux et... ta mère !;3.2;1999-01-20
Very Bad Trip 3;2.3;2013-05-29
Pauline détective;3.0;2012-10-03
Le Bon numéro;2.8;2001-08-01
Baywatch - Alerte à Malibu;1.8;2017-06-21
Ensemble c'est trop;2.1;2010-02-17
Notre univers impitoyable;2.9;2008-02-13
LOL (Laughing Out Loud) ®;3.2;2009-02-04
Endiablé;3.2;2001-02-21
Parasol;2.2;2016-08-10
H2G2 : le guide du voyageur galactique;3.5;2005-08-17
Deadpool;3.0;2016-02-10
Miss Pettigrew;3.0;2009-02-25
Attila Marcel;3.4;2013-10-30
Atomik Circus, le retour de James Bataille;3.2;2004-07-21
La Cage Dorée;3.5;2013-04-24
Elle est trop bien;2.6;1999-06-30
Scialla!;2.8;2013-02-13
Les soeurs fâchées;3.7;2004-12-22
Human Nature;3.1;2001-09-12
La Revanche d'une blonde;3.3;2001-12-12
La Fée;3.6;2011-09-14
Bon à Tirer (B.A.T.);2.9;2011-04-27
Sex fans des sixties;3.4;2003-01-29
Un homme à la hauteur;2.8;2016-05-04
Rush Hour;3.4;1999-01-27
Akoibon;3.1;2005-04-13
Turn me on;2.7;2012-01-18
Refroidis;3.3;2014-09-24
Being light;3.1;2001-12-05
Ma mère préfère les femmes (surtout les jeunes...);3.2;2002-11-20
Les Temps modernes;4.6;1936-09-24
Angry Birds - Le Film;3.3;2016-05-11
Fin de partie;3.7;2015-06-03
Madame Edouard;2.7;2004-06-02
Shaolin Soccer;3.8;2002-08-21
Kung Fu Nanny;2.0;2010-07-07
Edy;2.8;2005-11-02
Tricheuse;1.9;2009-07-15
Si j'étais un homme;3.2;2017-02-22
Les Géants;3.2;2011-11-02
Vive la vie;2.3;2005-10-05
Shapito Show - Partie 1;3.2;2014-07-16
Rencontres à Elizabethtown;3.2;2005-11-02
Simone;3.8;2002-09-18
Galaxy Quest;3.6;2000-10-04
Rushmore;3.6;1999-11-17
La Vie est à Nous!;2.4;2005-12-07
Terri;3.3;2012-08-08
Frank;2.7;2015-02-04
Crocodile Dundee 3;2.1;2001-06-27
Valentin Valentin;3.0;2015-01-07
The Party;3.0;2017-09-13
Very Bad Trip 2;2.3;2011-05-25
Mariage à l'iranienne;2.5;2007-08-08
J'me sens pas belle;3.8;2004-08-04
Natür Therapy;3.5;2015-09-09
Taxi 3;2.8;2003-01-29
Mission 3D Spy kids 3;2.7;2004-04-14
Super Papa;2.5;2003-05-14
Pourquoi Tu Pleures ?;3.4;2011-06-15
Le Fils du Mask;2.1;2005-03-23
La Guerre des miss;1.7;2009-01-14
Brice de Nice;2.8;2005-04-06
Toy Story 3;4.7;2010-07-14
Le Petit Nicolas;2.8;2009-09-30
Totally Spies ! Le film;2.7;2009-07-22
Le Temps de la kermesse est terminé;2.9;2010-03-17
Morceaux choisis;2.5;2000-08-30
Self Control;2.6;2003-06-04
Tu vas rire mais je te quitte;2.9;2005-01-05
Un Beau Soleil Intérieur;3.5;2017-09-27
Oh My God !;2.5;2011-12-14
Camping car;2.3;2006-07-19
Confessions d'un homme dangereux;3.8;2003-06-11
Tournage dans un jardin anglais;4.0;2006-07-05
Orgueil et préjugés;3.8;2006-01-18
Daddy Cool;2.4;2017-11-01
La Nostra Vita;3.0;2011-04-06
Les Invités de mon père;3.6;2010-03-31
Protéger et servir;1.7;2010-02-03
2 Guns;2.1;2013-09-25
Jour J;2.9;2017-04-26
L'Oncle Charles;1.4;2012-03-21
Il n'est jamais trop tard;2.0;2011-07-06
Retour chez ma mère;2.9;2016-06-01
La Loi de la jungle;3.6;2016-06-15
Taxi 4;2.2;2007-02-14
Big Eyes;3.2;2015-03-18
Shapito Show - Partie 2;3.2;2014-07-16
Hellphone;2.7;2007-03-28
La Légende de Manolo;3.6;2014-10-22
In the Air;3.5;2010-01-27
Princesse malgré elle;2.0;2001-10-24
Hot Fuzz;3.6;2007-07-18
Coexister;3.3;2017-10-11
La Grande boucle;2.4;2013-06-12
Une pure affaire;3.3;2011-03-02
Vice Versa;4.7;2015-06-17
Let My People Go!;2.5;2011-12-28
Hôtel Transylvanie 2;3.4;2015-10-07
Le Journal de Bridget Jones;3.8;2001-10-10
The Nice Guys;3.7;2016-05-15
Des Morceaux de Moi;2.3;2013-02-13
Elle l'adore;3.7;2014-09-24
1001 Pattes;4.5;1999-02-10
Dirty Papy;1.6;2016-02-03
Les Gorilles;2.0;2015-04-15
3 Amis;2.6;2007-08-22
In love;2.3;2000-07-12
Damsels in Distress;3.1;2012-10-03
Le Divorce;2.6;2003-10-08
Home for Christmas;3.1;2010-12-08
Le Père Noël;3.1;2014-12-10
Meilleur Espoir Feminin;3.7;2000-05-31
Supercondriaque;2.4;2014-02-26
Pas très normales activités;2.4;2013-01-30
Café Society;4.1;2016-05-11
Le Come-back;3.0;2007-03-14
Boy;3.6;2012-09-12
Le Souffleur;2.3;2005-03-09
Saving Grace;3.0;2000-10-25
La Personne aux deux personnes;3.0;2008-06-18
Du Jour au Lendemain;3.1;2006-03-15
Somebody Up There Likes Me;3.0;2013-01-23
HS Hors Service;2.5;2001-06-13
Situation amoureuse : C'est compliqué;3.0;2014-03-19
Le fils du Français;2.6;2000-09-20
Petits meurtres à l'Anglaise;3.1;2010-07-07
Les Amants passagers;3.0;2013-03-27
18 ans après;2.9;2003-02-05
Le Tigre et la neige;3.0;2005-12-14
The Voices;3.4;2015-03-11
Les Moomins sur la Riviera;3.5;2015-02-04
Sex and the City 2;2.5;2010-06-02
War Dogs;3.4;2016-09-14
Bowfinger, roi d'Hollywood;3.1;1999-11-10
Dans la vie;3.9;2008-03-12
Dorian Blues;2.2;2007-04-11
Avant qu'il ne soit trop tard;2.6;2005-05-04
Embrassez qui vous voudrez;4.0;2002-10-09
Beur sur la ville;1.8;2011-10-12
Le Casse de Central Park;2.8;2011-11-23
Mes copines;1.8;2006-06-21
A boire;2.9;2004-12-29
Cookie's Fortune;3.8;1999-04-07
SMS;2.4;2014-08-20
Girls Only;3.2;2015-05-13
Séquences et conséquences;3.4;2001-04-11
Tortilla Soup;2.9;2003-02-19
Intouchables;3.7;2011-11-02
Une éducation norvégienne;2.8;2012-06-06
Crossroads;2.6;2002-04-03
La Tour 2 Contrôle Infernale;3.1;2016-02-10
My Old Lady;3.5;2015-05-06
Narco;3.2;2004-12-01
Zoolander 2;2.4;2016-03-02
This is not a love story;3.8;2015-11-18
Mais qui a tue Tano?;3.0;2000-05-03
Les Femmes du 6e étage;3.4;2011-02-16
Favelas;2.8;2014-11-12
Réalité;3.6;2015-02-18
Une Chance pour Miguel;3.6;2002-07-10
Sunshine Cleaning;3.5;2009-06-10
Minuit à Paris;4.2;2011-05-11
Saya Zamurai;3.3;2012-05-09
Palace;3.2;
Imogene;2.6;2013-08-07
La Traversée du temps;3.8;2007-07-04
Coup de peigne;2.7;2001-05-09
Grimsby - Agent trop spécial;2.8;2016-04-13
100 Girls;2.2;2001-07-04
Welcome Home;3.4;2006-01-25
Les Deux mondes;2.7;2007-11-21
Tôt ou tard;2.9;2000-07-19
Le Libertin;2.3;2000-03-15
La Différence, c'est que c'est pas pareil;2.6;2009-05-20
The Anniversary Party;3.1;2001-05-23
La Rupture;2.1;2006-06-21
Mon beau-père, mes parents et moi;3.1;2005-02-16
Gloria;3.7;2014-02-19
Le Placard;3.6;2001-01-17
La Légende de Kaspar Hauser;2.5;2013-09-11
7 ans de mariage;2.9;2003-06-25
Henry;1.8;2010-03-31
The Matador - même les tueurs ont besoin d'amis;2.8;2005-11-16
Les Grands frères;3.2;2009-02-04
Absolutely Fabulous : Le Film;2.6;2016-12-07
Enfermés dehors;3.9;2006-04-05
Les Parrains;3.1;2005-10-19
Vilaine;2.4;2008-11-12
L'Apprenti Père Noël;2.9;2010-11-24
Comment tuer son Boss ?;2.6;2011-08-17
L'île des Miam-nimaux : Tempête de boulettes géantes 2;2.9;2014-02-05
Qui a peur de Vagina Wolf ?;2.7;2014-03-19
Celle que j'aime;1.9;2009-04-22
Cecil B. Demented;3.4;2000-08-02
Voyance et manigance;2.6;2001-04-11
Chéri;3.5;2009-04-08
L'enquête Corse;3.0;2004-10-06
Océane;3.1;2013-09-11
In the Loop;3.8;2009-11-18
Sex academy;3.0;2002-05-29
Last Night;3.6;1999-03-03
Epouse-moi mon pote;2.2;2017-10-25
Taxi Téhéran;4.3;2015-04-15
Le Monde secret des Emojis;1.8;2017-10-18
Patients;3.8;2017-03-01
Ma femme est une actrice;3.8;2001-11-14
Jojo la frite;2.7;2002-05-15
Love, et autres drogues;2.2;2010-12-29
Ma vie n'est pas une comédie romantique;2.5;2007-12-19
Les Joies de la famille;2.6;2009-10-07
Indian Palace - Suite royale;3.1;2015-04-01
Le Chasseur de primes;2.1;2010-04-14
All about Albert;3.2;2014-03-26
Les Vacances de Mr. Bean;2.4;2007-04-18
Tu dors Nicole;3.7;2015-03-18
Radin!;2.8;2016-09-28
MIIB;3.1;2002-08-07
The Double;2.8;2014-08-13
La Moitie Gauche du Frigo;3.6;2002-10-16
Le Talent De Mes Amis;2.7;2015-05-06
Bienvenue à Suburbicon;3.1;2017-12-06
Le Celibataire;2.8;2000-08-16
Vers la révolution en 2CV;3.3;2002-11-20
Tous les espoirs sont permis;2.1;2012-10-10
Les Chimpanzés de l'espace;2.1;2008-10-22
L'Italien;3.1;2010-07-14
La Morsure du lézard;3.0;2003-10-29
Boulevard de la mort - un film Grindhouse;3.4;2007-06-06
La Cigale, le corbeau et les poulets;3.0;2017-01-18
Aferim!;3.6;2015-08-05
Les Poupées russes;3.8;2005-06-15
Zoolander;3.4;2002-01-02
Les Looney Tunes passent à l'action;3.6;2003-12-10
Dans l'ombre de Mary - La promesse de Walt Disney;3.5;2014-03-05
Bob l'éponge - Le film;3.3;2005-02-09
Le Monde de Fred;2.8;2014-07-02
Le Monde (presque) perdu;2.6;2009-08-26
Vive la France;1.8;2013-02-20
Mon pire cauchemar;3.0;2011-11-09
OSS 117, Le Caire nid d'espions;3.9;2006-04-19
Charlie Mortdecai;2.4;2015-01-21
Torrente, el brazo tonto de la ley;3.0;
Le Grinch;3.0;2000-12-06
Le Prénom;3.2;2012-04-25
Love & Friendship;3.9;2016-06-22
Mary et Max.;4.3;2009-09-30
Jennifer's Body;2.7;2009-10-21
Away We Go;3.5;2009-11-04
Les Petits ruisseaux;3.6;2010-06-23
Histoires enchantées;2.1;2008-12-24
Bambou;1.9;2009-07-08
Le Fataliste;2.8;2006-04-05
Demi-tarif;4.0;2004-02-11
Bébé mode d'emploi;2.3;2010-12-08
Escapade à New York;2.4;1999-09-15
Boule & Bill 2;2.2;2017-04-12
Oncle Boonmee (celui qui se souvient de ses vies antérieures);3.7;2010-09-01
Bienvenue dans la jungle;2.8;2004-03-24
Casses en tous genres;2.7;2006-08-15
Date limite;3.1;2010-11-10
Jet Set;3.5;2000-06-14
Gambit, arnaque à l’anglaise;2.5;2013-02-06
Les Enfants;3.2;2005-04-06
Dark Shadows;3.5;2012-05-09
Un baiser s'il vous plaît;3.9;2007-12-12
Jamais entre amis;3.0;2015-09-09
Celebrity;4.1;1999-01-27
Le Coeur en braille;2.5;2016-12-28
Borat, leçons culturelles sur l'Amérique au profit glorieuse nation Kazakhstan;3.9;2006-11-15
L'Eté des poissons volants;3.5;2014-04-23
Intolérable cruauté;4.0;2003-11-19
Quartet;3.6;2013-04-03
La Muse;2.9;1999-12-22
Slumdog Millionaire;3.5;2009-01-14
Fastlife;2.7;2014-07-16
Jamais contente;3.2;2017-01-11
Les Nouveaux sauvages;3.5;2015-01-14
Paris pieds nus;3.0;2017-03-08
Donne-moi ta main;2.1;2010-08-11
Paul;2.9;2011-03-02
Amour et amnésie;2.9;2004-06-30
Carmina !;3.1;2016-07-27
To Rome with Love;2.5;2012-07-04
Ma vie de chat;2.2;2016-08-03
L'Incruste, fallait pas le laisser entrer !;2.8;2004-03-31
Une famille très moderne;1.9;2010-08-25
Magic in the Moonlight;3.9;2014-10-22
Associés contre le crime...;3.1;2012-08-22
Idlewild gangsters club;2.3;2007-01-10
Bêtes de scène;3.5;2001-05-02
Le Coach;2.8;2009-09-09
On va s'aimer;2.5;2006-06-14
Scooby-Doo;2.7;2002-07-10
15 ans et demi;1.8;2008-04-30
Little Capone;1.2;2006-03-08
Cars;4.0;2006-06-14
La Prunelle de mes yeux;2.2;2016-12-21
La Loi de Murphy;1.8;2009-11-04
Struck;2.6;2013-06-19
3, Chronique d'une famille singulière;3.1;2013-04-24
L'Ascension;3.6;2017-01-25
Le Derrière;3.5;1999-04-28
Voisins, voisines;3.5;2005-07-20
Espion et demi;2.1;2003-02-19
Crazy Amy;3.1;2015-11-18
Albert à l'ouest;2.6;2014-07-02
(500) jours ensemble;3.3;2009-09-30
Sausage Party;3.5;2016-11-30
Arrête ou je continue;3.3;2014-03-05
Louise-Michel;3.7;2008-12-24
L'Amour aux trousses;2.5;2005-06-29
Company Man;2.6;2000-05-03
Click : Télécommandez votre vie;2.1;2006-10-04
La Tête en friche;3.1;2010-06-02
Le Brio;3.5;2017-11-22
If Only;3.4;1999-10-26
Monster House;3.4;2006-08-23
Fonzy;2.4;2013-10-30
De vrais mensonges;3.0;2010-12-08
¡Salsa!;3.1;2000-02-09
Felicidad;3.2;2014-10-29
I Love You Phillip Morris;3.9;2010-02-10
L'Âge de glace;4.1;2002-06-26
La Nuit au musée : Le Secret des Pharaons;2.8;2015-02-04
M. Popper et ses pingouins;2.5;2011-07-20
Beaucoup de bruit pour rien;3.2;2014-01-29
L’autre côté de l’espoir;4.3;2017-03-15
L'Âge de glace : La dérive des continents;3.3;2012-06-27
Romeos;3.0;2013-09-04
Agents presque secrets;2.3;2016-08-24
Nos pires voisins 2;2.5;2016-07-06
Mon beau-père et nous;2.3;2010-12-22
La Visite de la fanfare;3.9;2007-12-19
Ferdinand;3.3;2017-12-20
Les Aventures de Philibert, capitaine puceau;2.2;2011-04-06
Anything else, la vie et tout le reste;3.6;2003-10-29
Changement d'adresse;4.0;2006-06-21
Partagerait bonheur...;2.8;2000-12-13
Le Manoir hanté et les 999 fantômes;2.0;2004-02-18
New York taxi;2.1;2005-08-31
Les Tuche;2.3;2011-07-01
Big City;2.2;2007-12-12
Rock Academy;3.4;2004-03-24
Première sortie;3.2;2000-05-24
Décalage horaire;3.4;2002-10-30
Benvenuti al Sud;1.7;2010-11-24
Quand les anges s'en mêlent...;1.8;2006-03-15
La Fête des voisins;1.2;2011-05-25
L'Arriviste;3.1;2000-01-12
Podium;3.3;2004-02-11
Better Than Sex;2.3;2001-08-01
Yes Man;3.2;2009-01-21
Rien à déclarer;2.2;2011-02-02
Les 11 commandements;2.8;2004-02-04
Le Rôle de sa vie;3.6;2004-06-16
Les Mutants de l'espace;4.1;2002-01-09
Hit and run;1.8;2012-08-29
Les Chansons populaires;2.5;2013-07-31
Pédale dure;2.2;2004-10-20
Camping 2;2.6;2010-04-21
Je préfère qu'on reste amis...;3.3;2005-02-23
American Pie 4;1.6;2012-05-02
Les Araignées de la nuit;3.3;2002-04-17
Palerme;3.1;2014-07-02
Alvin et les Chipmunks;2.2;2007-12-19
Psycho Beach Party;2.6;2001-08-15
Quand on sera grand;3.6;2001-04-25
Augustin, roi du kung-fu;3.8;1999-08-25
Sans arme, ni haine, ni violence;3.0;2008-04-16
Rebelle;3.5;2012-08-01
Santa & Cie;3.7;2017-12-06
Le Marquis;2.5;2011-03-09
Le Prof;2.5;
Incognito;2.9;2009-04-29
Juno;3.9;2008-02-06
Belle Maman;2.8;1999-03-10
France boutique;2.9;2003-10-29
Mon meilleur ami;3.0;2006-12-20
Toto qui vécut deux fois;3.6;2009-06-10
Mambo Italiano;2.8;2004-05-05
Malavita;2.3;2013-10-23
La Vénus à la fourrure;4.1;2013-11-13
Musée haut, musée bas;3.1;2008-11-19
Garfield 2;1.8;2006-07-19
Il était une fois dans l'Oued;3.1;2005-10-19
Frogz;1.6;2001-10-10
Starsky et Hutch;2.9;2004-04-21
2 Days in Paris;3.9;2007-07-11
Hannah Montana, le film;1.8;2009-06-17
10 bonnes raisons de te larguer;2.1;2000-07-19
Recherche bad boys désespérément;1.6;2012-02-08
Un jour mon père viendra;2.5;2012-01-04
Nola Circus;1.8;2016-09-28
Elfe;2.6;2003-12-03
Les Indestructibles;4.5;2004-11-24
Match retour;2.1;2014-01-22
Le Prince du Pacifique;2.8;2000-12-20
Les Rois de la glisse;3.2;2007-10-24
Georges le petit curieux;3.1;2006-08-02
The Theory of Love;1.8;2013-07-10
Prête-moi ta main;3.3;2006-11-01
La Vie de Michel Muller est plus belle que la vôtre;2.4;2005-01-26
The Good Girl;2.9;2003-06-18
Comment tuer son boss 2;2.3;2014-12-24
Jeux d'enfants;2.9;2003-09-17
Les Pieds sur terre;2.3;2001-09-05
Tiens-toi droite;2.2;2014-11-26
Achille et la tortue;4.0;2010-03-10
Le Témoin amoureux;2.4;2008-06-18
Les Fugueurs;2.3;2002-09-01
Waiter!;3.1;2007-07-25
La Folle histoire d'amour de Simon Eskenazy;2.6;2009-12-02
La Plus belle victoire;2.8;2004-10-20
Le Birdwatcher;2.7;2000-12-20
Wackness;3.1;2008-09-24
Deux Rémi, deux;3.4;2016-03-02
Kingsman : Le Cercle d'or;3.1;2017-10-11
Le Parfum de la dame en noir;3.5;2005-09-14
Espace détente;2.9;2005-02-02
Les drôles de poissons-chats;3.4;2014-05-28
Scooby-Doo 2 : les monstres se déchaînent;3.0;2004-04-07
L'Homme sans passé;4.8;2002-11-06
Divorcing Jack;3.5;1999-05-26
Tout mais pas ça !;3.2;2017-11-29
Un peu, beaucoup, aveuglément;3.4;2015-05-06
Puccini et moi;2.3;2007-02-07
Le Vilain;3.5;2009-11-25
Bonne pomme;1.9;2017-08-30
Le Grand Partage;2.0;2015-12-23
Copains pour toujours 2;1.0;2013-09-11
Fantastic birthday;3.3;2017-03-22
Nebraska;3.3;2014-04-02
Kiss & Kill;1.8;2010-06-23
Reinas;2.3;2006-01-11
L'Ecole pour tous;2.0;2006-10-18
L'Invitation;2.8;2016-11-09
Le Cygne du destin;2.5;2003-01-07
Simon Konianski;2.8;2009-07-29
Janice l'intérimaire;3.2;2000-06-21
Medianeras;2.9;2011-06-01
Happy Christmas !;2.7;2000-12-20
Encore Heureux;3.3;2016-01-27
Mystery Men;2.6;1999-12-15
Dance Battle - Honey 2;1.8;2011-07-20
L'Idéal;2.6;2016-06-15
En bonne compagnie;3.4;2005-05-11
Moonwalkers;2.9;2016-03-02
Afrik'Aïoli;2.9;2014-01-22
Ca$h;2.5;2008-04-23
Made in Italy;1.9;2008-07-02
Ocean's 13;2.4;2007-06-20
Sugar Town;2.9;2001-01-10
Holiday;2.4;2010-12-08
Petites confidences (à ma psy);3.0;2006-02-15
Tu peux garder un secret ?;1.6;2008-05-07
Les 9 vies de Tomas Katz;3.1;2003-06-11
Apprenti Gigolo;2.8;2014-04-09
Super Nacho;2.8;2006-11-01
48 heures par jour;1.8;2008-06-04
Mon babysitter;1.5;2010-11-17
Shrek 4, il était une fin;3.2;2010-06-30
Comme un Chef;2.0;2012-03-07
Duplicity;2.7;2009-03-25
Gentille;3.6;2005-12-14
Fashion Maman;2.2;2005-05-18
Stuart Little;3.2;2000-04-12
Tous les soleils;2.9;2011-03-30
Le rôle de ma vie;3.3;2014-08-13
Be Bad !;2.8;2010-09-01
L'Age d'homme... maintenant ou jamais;2.1;2007-09-12
Juste un baiser;3.5;2002-11-06
Trois petites filles;2.9;2004-09-29
Le Bal des actrices;4.0;2011-10-26
Bouquet final;2.8;2008-11-05
Les Couilles de l'éléphant;3.0;2002-02-13
Les rois mages;2.8;2001-12-12
Hénaut Président;2.7;2012-03-21
Les Saphirs;2.9;2012-08-08
Kick-Ass 2;2.0;2013-08-21
Fashion victime;2.6;2002-12-11
Saint-Jacques... La Mecque;2.5;2005-10-12
City Island;3.3;2010-01-20
Arthur Newman;2.3;2014-05-07
L'Élan;1.8;2016-12-28
A Love You;2.6;2015-06-24
Wrong;3.1;2012-09-05
Divine mais dangereuse;2.8;2001-09-05
La Folle Histoire de Max et Léon;3.2;2016-11-02
Alceste à bicyclette;3.6;2013-01-16
La Bostella;3.1;2000-06-07
Super blonde;2.0;2008-10-08
Le Bon, la brute et le cinglé;3.9;2008-12-17
Nothing;3.3;2007-08-29
Spy Kids;3.4;2001-07-18
Confetti;1.7;2006-10-11
Les Seigneurs;2.6;2012-09-26
Spy kids 2 - espions en herbe;3.7;2003-01-01
J'adore Huckabees;3.0;2005-04-27
Very Bad Things;2.9;1999-02-17
La Grande Bellezza;3.4;2013-05-22
Ali G;3.3;2002-12-25
Zootopie;4.0;2016-02-17
Le Carton;3.1;2004-10-06
Baby Phone;2.5;2017-03-08
Do Not Disturb;2.0;2012-10-03
Room to rent;3.0;2001-08-22
Sa Majesté Minor;2.1;2007-10-10
On ne choisit pas sa famille;1.2;2011-11-09
La Grande aventure de Maya l'abeille;3.0;2015-02-04
30 Minutes Maximum;2.3;2011-12-28
Children of the Revolution;3.0;1999-03-03
Il ne faut jurer de rien !;2.9;2005-09-28
Chez nous c'est trois !;2.8;2013-07-17
Le Secret des banquises;3.0;2016-06-22
Amours salées et plaisirs sucrés;2.3;2011-02-23
Girls Will Be Girls;2.5;2006-07-05
Le Dernier week-end;2.0;2011-10-12
40 ans : mode d'emploi;3.4;2013-03-13
Diane a les épaules;3.5;2017-11-15
Ma femme... s'appelle Maurice;2.2;2002-09-25
Go Go Tales;3.1;2012-02-08
Luna e l'altra;3.2;
Les Parisiens;2.5;2004-09-15
Mariage à l'Islandaise;2.4;2009-06-03
Nous York;2.3;2012-11-07
Fais-moi plaisir !;3.4;2009-06-24
Brèves de comptoir;2.5;2014-09-24
La Vie d'artiste;2.9;2007-09-05
L'Escorte;2.0;1999-01-06
Doggy Bag;2.2;1999-09-15
Bliss;2.9;2010-01-06
Evan tout-puissant;1.5;2007-08-15
The Trip;2.9;2011-07-20
Fauteuils d'orchestre;3.2;2006-02-15
Un ticket pour l'espace;3.3;2006-01-18
Madagascar 3, Bons Baisers D’Europe;3.0;2012-06-06
Trafico;3.2;1999-03-10
Jalouse;3.3;2017-11-08
Halal police d'Etat;2.8;2011-02-16
Rubber;3.2;2010-11-10
Il a déjà tes yeux;3.3;2017-01-18
May In The Summer;3.2;2014-05-07
Une chanson pour ma mère;1.9;2013-03-27
Scoop;3.7;2006-11-01
Mes amis, mes amours;1.8;2008-07-02
Célibataires;1.3;2006-03-01
Nos jours heureux;3.4;2006-06-28
Erreur de la banque en votre faveur;3.1;2009-04-08
Les Miller, une famille en herbe;2.9;2013-09-18
Ce que pensent les hommes;1.9;2009-02-11
Ma meilleure amie, sa soeur et moi;2.8;2013-07-03
I Love You, Man;2.4;2009-07-29
Paterson;4.1;2016-12-21
My Best Men;2.6;2012-08-08
Very Cold Trip;2.7;2011-02-09
American Pie;3.0;1999-12-08
Qui a envie d'être aimé ?;2.8;2011-02-09
Le Grand soir;3.7;2012-06-06
The Spectacular Now;3.2;2014-01-08
Babylon, USA;3.8;
Tempête de boulettes géantes;3.4;2009-10-21
Bienvenue chez les Rozes;2.3;2003-04-02
Le Fantôme De Canterville;2.8;2016-04-06
Mon père va me tuer;3.0;2013-01-02
The Way, La route ensemble;2.8;2013-09-25
Les Nouvelles Aventures D'Aladin;2.8;2015-10-14
Goodbye Lover;3.0;1999-05-26
Spanglish;2.7;2005-03-02
Fatal;2.8;2010-06-16
Ah ! si j'étais riche;3.2;2002-11-27
Johnny English;3.1;2003-07-23
Une pour toutes;3.0;2000-01-01
Prêt à tout;2.2;2014-01-22
Wild Generation;2.9;2007-01-17
Snow Therapy;3.5;2015-01-28
Bad Boys II;2.3;2003-10-15
Amour & turbulences;2.8;2013-04-03
Marley & moi;2.6;2009-03-04
Dernier étage, gauche, gauche;2.7;2010-11-17
Teeth;3.2;2008-05-07
Rosalie Blum;3.6;2016-03-23
Les Sorcières de Zugarramurdi;2.9;2014-01-08
Irène;3.0;2002-06-26
Bandits;3.8;2002-01-16
Sur quel pied danser;3.3;2016-07-06
Playboy à saisir;2.0;2006-03-15
Bis;3.2;2015-02-18
Arrête-moi si tu peux;4.2;2003-02-12
Moonrise Kingdom;3.7;2012-05-16
Victor;2.4;2009-10-07
La Cloche a sonné;2.5;2005-08-17
Le Schpountz;2.7;1999-08-25
Dans la tête de Charles Swan III;2.3;2013-07-24
Chacun sa vie;2.1;2017-03-15
Not in Tel-Aviv;2.6;2013-06-05
Quand Chuck rencontre Larry;1.9;2007-08-29
Ce qui vous attend si vous attendez un enfant;1.6;2012-06-20
Bubba Ho-Tep;3.8;2006-02-15
Le Diable s'habille en Prada;3.2;2006-09-27
Fanfan La Tulipe;3.3;2003-05-14
La Secrétaire;3.7;2003-06-04
Parfum de printemps;3.0;2016-04-20
L'Étrange pouvoir de Norman;3.8;2012-08-22
Trafic d'influence;2.5;1999-03-31
Lila Lili;4.1;1999-01-06
Un Vrai bonheur;2.6;2005-07-13
Jugatsu;3.9;1999-04-14
21 nuits avec Pattie;4.1;2015-11-25
Nos 18 ans;2.4;2008-07-16
Comment savoir;2.9;2011-01-26
Quand je serai star;2.9;2005-01-19
Fright Night;2.4;2011-09-14
Je vais te manquer;2.3;2009-06-10
Les Profs 2;2.3;2015-07-01
Cinéman;2.0;2009-10-28
Le plus beau jour de ma vie;3.2;2005-01-05
Jusqu'à toi;2.5;2009-07-29
Le Vieux qui ne voulait pas fêter son anniversaire;2.8;2014-05-28
Mr. & Mrs. Smith;3.0;2005-07-27
Freestyle;3.1;2002-07-17
Le Petit monde de Charlotte;2.9;2007-02-07
Flagrant délire;2.7;2002-11-13
Mariages !;2.4;2004-04-21
L'An 1 : des débuts difficiles;2.3;2009-08-12
Boy Culture;3.0;2007-01-31
Roues Libres;3.5;2017-02-15
Les Bêtises;3.0;2015-07-22
Ushpizin;2.9;2006-10-11
Mais qui a tué Pamela Rose ?;2.8;2003-06-04
La Planque;2.3;2011-09-07
La Clinique de l'amour !;3.4;2012-06-27
Pirates des Caraïbes : la Fontaine de Jouvence;2.5;2011-05-18
Gomez VS Tavarès;1.4;2007-06-13
L'Artiste;3.6;2011-08-10
Burn After Reading;3.7;2008-12-10
Blanche;2.5;2002-09-18
Attraction animale;2.5;2001-09-05
L'Amour de l'or;1.5;2008-04-30
Valentine's Day;2.5;2010-02-17
Arac attack, les monstres à huit pattes;3.7;2002-07-31
Les Cerveaux;2.3;2016-11-23
Le Tour du monde en 80 jours;3.1;2004-08-11
Les Rois du patin;3.3;2007-10-03
Bon Voyage;3.7;2004-02-18
Shrek;4.3;2001-07-04
Les Frères Soeur;3.1;2000-07-05
L'Emmerdeur;1.6;2008-12-10
La venta del paraíso;2.0;2013-04-03
Amour, vengeance & trahison;2.7;1999-01-13
Yamakasi;3.0;2001-04-04
Hôtesse à tout prix;2.2;2003-10-01
Certifiée Halal;2.0;2015-05-13
Nos voisins, les hommes;3.3;2006-07-05
Le Sens de la fête;3.7;2017-10-04
L'Amour dure trois ans;3.1;2012-01-18
La Vérité si je mens ! 2;3.7;2001-02-07
Sexes très opposés;2.8;2002-07-10
Nos pires voisins;2.2;2014-08-06
Le Déjeuner du 15 août;3.8;2009-03-11
Realmovie;2.4;2004-06-09
Tout ce qui brille;3.8;2010-03-24
Populaire;3.8;2012-11-28
Les Aventures de Mister Deeds;2.5;2003-01-08
Deux en un;4.1;2004-01-07
Zouzou;2.3;2014-12-24
Insaisissables 2;2.9;2016-07-27
Vive nous !;2.2;2000-01-26
La fille du 14 juillet;3.8;2013-06-05
Swamp!;3.2;
Qu'est-ce qu'on a fait au Bon Dieu?;3.8;2014-04-16
Mes voisins les Yamada;4.2;2001-04-04
No Pasaran;2.5;2009-09-02
Glory to the Filmmaker !;3.1;2008-07-16
Tai chi master;3.9;2002-01-23
A bord du Darjeeling Limited;3.8;2008-03-19
Stars 80;2.2;2012-10-24
Toni Erdmann;4.3;2016-08-17
Le Plein de super;4.2;2004-06-09
Mon voisin le tueur 2;2.3;2004-08-11
Un Homme à femmes;2.4;2001-02-21
Rush Hour 3;1.8;2007-10-17
Ouf;2.9;2013-02-27
Au bout du conte;3.5;2013-03-06
Dialogue avec mon jardinier;2.8;2007-06-06
Babe, le cochon dans la ville;3.7;1999-03-17
Au secours, j'ai 30 ans !;2.1;2004-06-23
Joue-la comme Beckham;3.7;2002-11-20
Moi qui ai servi le roi d'Angleterre;3.5;2008-05-07
Mes chers voisins;3.6;2002-07-03
Projet X;3.0;2012-06-20
Je ne suis pas là pour être aimé;4.3;2005-10-12
Palace pour chiens;2.0;2009-02-18
High Fidelity;3.5;2000-09-06
Familles à vendre;2.7;2006-01-25
Romaine par moins 30;3.1;2009-04-29
Rendez-vous l'été prochain;2.7;2010-12-29
La Vie peu ordinaire de Dona Linhares;4.0;2001-12-26
L'un dans l'autre;1.9;2017-09-20
Ma petite entreprise;4.1;1999-09-01
Les Coquillettes;2.9;2013-03-20
Le Grand Galop;3.2;1999-01-06
Dear Wendy;2.4;2005-06-22
She Hate Me;2.8;2004-11-17
Monique;3.2;2002-08-21
Le Crime farpait;3.8;2005-05-11
Confessions d'une accro du shopping;2.5;2009-05-20
O'Brother;4.0;2000-08-30
Cherche fiancé tous frais payés;1.7;2007-06-27
Ratatouille;4.5;2007-08-01
Rush Hour 2;3.2;2001-08-29
De Douces Paroles;2.8;2016-05-25
Les Nouveaux Héros;3.8;2015-02-11
Bienvenue à Collinwood;3.0;2002-12-04
Je déteste les enfants des autres !;2.1;2007-07-04
Le Grand Méchant Loup;3.5;2013-07-10
Il reste du jambon ?;1.8;2010-10-27
Road Trip;3.1;2000-10-18
Mauvaise foi;3.5;2006-12-06
Joyeux bordel !;2.5;2016-12-21
Les Flingueuses;2.3;2013-08-21
King of California;2.7;2007-09-12
Les Conquérantes;3.3;2017-11-01
Rhum Express;2.4;2011-11-30
Le Songe d'une nuit d'été;2.9;1999-09-22
Un Bonheur n'arrive jamais seul;2.4;2012-06-27
Zim and co.;3.6;2005-08-17
Safari;2.6;2009-04-01
Last Life in the Universe;3.9;2004-03-17
L'Île aux trésors;1.4;2007-01-31
Les Mythos;2.4;2011-07-13
Italian for beginners;3.8;2001-12-19
Docteur T et les femmes;3.5;2001-01-03
Brendan & Trudy;3.0;2001-07-18
Bienvenue à Cadavres-Les-Bains;3.0;2009-09-02
Fast Food, Fast Women;3.8;
Mascarades;3.5;2008-12-10
Titeuf, le film (3D);3.4;2011-04-06
La Ritournelle;3.4;2014-06-11
Norbit;1.8;2007-04-04
The Chateau;2.9;2002-01-16
Chroniques indiennes;3.2;2004-11-17
Le Tao de Steve;2.5;2001-03-28
Peines d'amour perdues;3.7;2001-01-24
# Pire soirée;1.6;2017-08-02
Les Schtroumpfs et le village perdu;2.7;2017-04-05
Eros Thérapie;3.8;2004-08-25
Astérix et Obélix : Mission Cléopâtre;3.8;2002-01-30
Hitch - Expert en séduction;3.0;2005-03-16
Voisins du troisième type;2.6;2012-09-12
Le Furet;2.9;2003-10-29
Chiens des neiges;2.8;2002-10-23
Monty Python, sacré Graal;4.3;2002-03-27
Les Gardiens de la Galaxie 2;3.4;2017-04-26
Babysitting;3.2;2014-04-16
Je crois que je l'aime;3.6;2007-02-21
King Guillaume;2.2;2009-01-28
Monstres & Cie;4.5;2002-03-20
Je voyage seule;3.3;2014-07-09
Ne quittez pas !;3.3;2004-08-18
Chez Gino;2.5;2011-03-30
A Toute Épreuve;3.0;2014-07-09
Mademoiselle;3.8;2001-03-21
Mais qui a re-tué Pamela Rose ?;3.2;2012-12-05
Peau de cochon;3.7;2005-04-20
Gaby Baby Doll;2.8;2014-12-17
Les Pingouins à la rescousse;3.0;2002-04-03
Le Dilemme;1.5;2011-05-11
Le Chocolat;2.3;2001-02-28
Balada Triste;3.2;2011-06-22
Alibi.com;2.9;2017-02-15
Ze Film;3.3;2005-02-23
Les Bouchers verts;3.3;2005-01-26
La Maison du bonheur;2.9;2006-06-07
SuperGrave;3.0;2007-10-31
Sex and the City - le film;2.8;2008-05-28
14 ans, premier amour;3.1;2017-05-10
Ecole paternelle;2.9;2003-10-22
Discount;3.6;2015-01-21
Espion mais pas trop !;2.2;2004-06-09
Je suis supporter du Standard;2.5;2013-05-29
L'éveil D'Edoardo;3.1;2015-06-17
Week-end Royal;2.8;2013-02-27
Thelma, Louise et Chantal;2.5;2010-03-03
Camping;2.3;2006-04-26
Last Kiss;2.4;2006-10-25
Hitman & Bodyguard;2.8;2017-08-23
Dancing Queens;2.8;2008-01-09
Les Désastreuses aventures des orphelins Baudelaire;3.8;2004-12-22
Peut-être;3.1;1999-11-10
Ah ! la libido;2.0;2009-02-18
Killing Bono;2.7;2011-08-03
Young Adult;3.0;2012-03-28
Osmosis Jones;3.2;2001-12-19
Kill Me Please;2.4;2010-11-03
Crustacés et Coquillages;3.9;2005-03-30
Alex Rider : Stormbreaker;2.2;2006-10-25
Rock'n Roll;3.3;2017-02-15
L'Elève Ducobu;2.1;2011-06-22
Le Diable à quatre;2.9;2006-02-22
Artémis, coeur d'artichaut;3.8;2013-09-25
Pour un garçon;3.7;2002-11-13
Citoyen d'honneur;3.8;2017-03-08
Broken Flowers;4.1;2005-09-07
Mafia Blues;3.6;1999-09-29
La Première étoile;3.1;2009-03-25
Sa mère ou moi !;2.5;2005-06-22
Horton;3.4;2008-04-02
Si tu meurs, je te tue;3.8;2011-03-23
Le Battement d'ailes du papillon;3.2;2000-06-21
Duo d'escrocs;3.0;2014-07-02
Monsieur Schmidt;3.2;2003-03-05
Blackout Total;2.3;2014-05-21
Andalucía;3.9;2008-03-05
Marie et les naufragés;3.4;2016-04-13
L'Ex femme de ma vie;3.0;2005-02-02
Mon boss, sa fille et moi;2.2;2004-08-25
Made in Hong Kong;3.7;2008-03-01
Au bonheur des ogres;2.6;2013-10-16
Rio 2;3.6;2014-04-09
30 ans sinon rien;3.3;2004-08-04
Singularités d'une jeune fille blonde;3.7;2009-09-02
Trois soeurs;3.1;2012-07-18
Robert Mitchum est mort;3.1;2011-04-13
Je vous aime très beaucoup;2.5;2010-07-07
Famille à louer;2.2;2004-12-15
En cloque, mode d'emploi;3.0;2007-10-10
Mariage chez les Bodin's;2.9;2008-04-23
Harold et Kumar s'évadent de Guantanamo;2.3;2008-07-16
One dollar curry;2.6;2004-11-24
Les Boloss;2.6;2011-12-21
5 ans de Réflexion;3.1;2012-08-01
Mes stars et moi;1.8;2008-10-29
Les Invincibles;2.1;2013-09-18
Les Barons;3.5;2010-01-20
Shanghaï kid II;3.1;2003-07-09
En pays cannibale;1.9;2013-06-26
Sale môme;2.9;2001-05-02
La Famille Bélier;3.7;2014-12-17
Wanted;2.6;2003-04-16
Super Héros Movie;1.9;2008-06-04
Pop Redemption;2.6;2013-06-05
Les Ambitieux;3.2;2007-01-24
Gemma Bovery;3.4;2014-09-10
Le Petit vampire;2.9;2000-10-25
Fool Moon;2.5;2008-07-16
Parle avec elle;4.7;2002-04-10
The Big Short : le Casse du siècle;3.5;2015-12-23
Kaboom;4.1;2010-10-06
La Bande des Jotas;1.8;2013-02-06
Top chronos;2.3;2002-08-14
Obvious Child;3.0;2014-09-03
Snow, sex & sun;2.1;2002-08-14
The Invention of Lying;3.0;2010-04-28
Vieilles Canailles;3.5;
Chantons sous la pluie;4.8;
Comme tout le monde;2.2;2006-06-21
Belles à mourir;3.5;2000-02-02
Travaux;4.2;2005-06-01
Cause toujours!;3.3;2004-07-28
Un pas en avant - les dessous de la corruption;2.5;2011-11-09
Agathe Cléry;2.0;2008-12-03
Thérapie de couples;1.5;2010-02-24
En direct sur Ed TV;3.3;1999-06-16
À la rencontre de Forrester;3.4;2001-04-18
Coup de foudre à Manhattan;2.6;2003-03-12
Taxi 2;2.8;2000-03-29
Born Romantic;3.2;2002-08-21
La Très très grande entreprise;3.3;2008-11-05
Au fil d'Ariane;3.1;2014-06-18
La Patinoire;3.8;1999-05-05
Promets-moi;2.8;2008-01-30
Allumeuses !;2.4;2002-07-17
Melaza;3.3;2014-04-16
Une semaine et un jour;3.4;2016-12-14
Les Garçons et Guillaume, à table !;3.9;2013-11-20
Mille millièmes, fantaisie immobilière;2.7;2002-08-07
Amours troubles;2.2;2003-11-12
Chicago;3.7;2003-02-26
Call me Agostino;2.2;2006-07-12
Reefer Madness: The Movie Musical;3.0;2006-03-01
Un Jour mon Prince;2.5;2017-01-11
Black Sheep;3.1;2008-03-19
Mon ange;3.3;2005-01-19
Soul Kitchen;3.7;2010-03-17
Agents très spéciaux - Code U.N.C.L.E;3.3;2015-09-16
Un jour, peut-être;3.0;2008-06-25
Abattoir 5;4.2;2010-09-08
Sans queue ni tête;2.2;2010-09-29
La Coupe;3.9;2000-11-08
Bandidas;2.7;2006-01-18
Magic baskets;3.2;2003-02-12
Evolution;3.0;2001-07-18
Potiche;3.9;2010-11-10
La Nouvelle guerre des boutons;2.4;2011-09-21
Jay & Bob contre-attaquent;2.7;2002-11-06
Meilleures ennemies;1.9;2009-02-11
Braqueurs amateurs;3.1;2006-02-22
Le Prix à payer;2.2;2007-04-04
11 : 14 onze heures quatorze;3.0;2004-12-01
Bye Bye Love;3.4;2003-09-10
Triple alliance;2.7;2014-06-18
Demande à la poussière;2.4;2006-08-30
Tucker & Dale fightent le mal;3.7;2012-02-01
Stuart Little 2;3.5;2002-10-16
Il cuore grande delle ragazze (Le Grand Coeur des femmes);2.1;2012-05-02
Bon plan;2.7;2000-12-27
Lucky girl;1.2;2006-10-18
Tout pour être heureux;3.8;2016-04-13
Luna papa;3.9;
Frankie Wilde;2.6;2005-09-28
Petites Misères;3.3;2002-02-06
La Grande course au fromage;3.4;2016-11-09
Everybody Wants Some !!;3.4;2016-04-20
Grill point;3.6;2002-11-20
American Trip;3.2;2010-09-01
Le Redoutable;3.5;2017-09-13
Gangsters, Sex & Karaoke;2.2;2001-04-17
Marguerite;4.0;2015-09-16
Snatch;3.7;2000-11-15
Les Bronzés 3 amis pour la vie;2.7;2006-02-01
Clara et moi;3.4;2004-06-30
Terrain d'entente;2.9;2005-10-19
Tanguy;3.7;2001-11-21
JCVD;3.5;2008-06-04
Une petite zone de turbulences;2.9;2010-01-13
Ich bin eine terroristin;2.5;2012-06-06
Bye Bye Blondie;2.2;2012-03-21
Boys Like Us;2.8;2014-09-03
Knock;2.4;2017-10-18
La vache;3.3;2016-02-17
Night Watch;2.9;2005-09-28
Ma sorcière bien-aimée;2.9;2005-09-21
Le Voyage d'Arlo;3.3;2015-11-25
Un Rêve tchèque;3.7;2005-11-09
La Première fois que j'ai eu 20 ans;3.0;2004-10-06
Janis et John;3.8;2003-10-15
La Fiancée de Chucky;3.0;1999-03-10
Une Affaire de coeur;3.3;2004-09-08
Histoire de fantômes chinois;3.0;2000-12-20
The Women;1.8;2009-06-03
La Vérité sur Charlie;2.6;2003-01-15
Je suis un no man's land;3.0;2011-01-26
Tokyo Fiancée;3.1;2015-03-04
Baby Driver;3.7;2017-07-19
Good Morning England;3.7;2009-05-06
La Grande vie;2.8;2009-11-04
Little Manhattan;2.5;2006-08-02
Shelter;3.3;2012-09-26
I Don't Want to Sleep Alone;3.6;2007-06-06
Pur week-end;2.2;2007-05-01
Shimkent hotel;2.6;2003-04-23
Tad l'explorateur : A la recherche de la Cité perdue;3.0;2013-04-17
La Fabuleuse Gilly Hopkins;2.7;2016-02-24
12 ans d'âge;2.2;2013-06-26
Charmant garçon;3.0;2001-01-24
En toute humilité - The Humbling;2.4;2015-04-08
Le Concours de danse;3.3;2012-12-12
American party - Van Wilder relations publiques;2.1;2003-07-09
Le Plaisir de chanter;3.8;2008-11-26
Flic de haut vol;2.7;2000-06-06
Dope;3.4;2015-11-04
Hancock;2.8;2008-07-09
Un Plan Parfait;2.6;2012-10-31
Rire et châtiment;3.4;2003-01-22
Les Hommes ! De quoi parlent-ils ?;1.9;2014-07-09
L'Agence tous risques;3.2;2010-06-16
Blanche Nuit;2.5;2013-04-10
C'est la fin;2.9;2013-10-09
Liste d'attente;3.5;2000-06-14
Une Famille à Louer;2.6;2015-08-19
Ce que veulent les femmes;3.7;2001-02-14
Mad Money;2.8;2008-07-23
Aller simple pour Manhattan;3.1;2002-03-27
Grégoire Moulin contre l'humanité;2.8;2001-10-24
Alvin et les Chipmunks 3;2.3;2011-12-21
Le Retour de Cagliostro;3.8;2004-10-27
Beur blanc rouge;2.7;2006-05-17
Marche et rêve ! Les homards de l'utopie;3.1;2002-11-27
La Parade;2.6;2013-01-16
Pas son genre;3.5;2014-04-30
Planes 2;3.2;2014-07-23
Torremolinos 73;3.8;2005-06-15
Question de coeur;2.7;2010-07-07
Le Mac;3.1;2010-02-17
Balles de feu;2.1;2008-07-09
Un petit jeu sans conséquence;3.0;2004-12-15
Chroniques d'une cour de récré;3.5;2013-06-05
Palais Royal!;3.9;2005-11-23
Barnie et ses petites contrariétés;2.9;2001-02-21
Workers;3.8;2013-10-30
Brice 3;2.6;2016-10-19
7 Psychopathes;2.3;2013-01-30
Le goût des merveilles;3.6;2015-12-16
Braquage à l'ancienne;3.0;2017-05-03
Si c'était lui...;2.2;2007-12-12
Smart People;2.3;2009-06-17
Chili con carne;2.3;1999-09-29
Angel-A;2.8;2005-12-21
Après vous...;3.8;2003-12-17
Elvis & Nixon;3.4;2016-07-20
Pitch Perfect 2;2.5;2015-07-22
Je te survivrai;2.3;2014-05-28
Faut pas lui dire;2.9;2017-01-04
Un moment d'égarement;2.6;2015-06-24
Shaun le mouton;4.3;2015-04-01
Moi, moche et méchant 2;3.6;2013-06-26
Je suis mort mais j'ai des amis;3.3;2015-07-22
Dear White People;3.5;2015-03-25
Blanche Neige, la Suite;1.5;2007-01-31
Alpha & Omega - 3D;1.8;2010-10-20
Max la menace;3.0;2008-09-10
Rupture pour tous;2.6;2016-11-23
Monsieur Papa;2.5;2011-06-01
Shanghaï kid;3.2;2000-08-09
Djib;2.8;2000-11-29
La Gueule que tu mérites;2.9;2006-05-31
Showtime;2.7;2002-04-24
Un Grand Mariage;1.4;2013-05-22
Just married (ou presque);2.8;1999-12-08
Paris Manhattan;2.2;2012-07-18
Cigognes et compagnie;3.3;2016-10-12
Annie-Mary à la folie !;2.8;2002-02-27
Le Chevalier black;2.1;2002-07-17
Mistress America;3.1;2016-01-06
Gnomeo et Juliette;2.7;2011-02-16
Au nom du peuple italien;4.4;2013-01-23
Baby-Sitter malgré lui;1.4;2012-06-13
Charlie et la chocolaterie;4.0;2005-07-13
Coup de foudre à Rhode Island;2.7;2008-09-17
Mariage à la grecque;3.1;2003-02-05
Cahier intime;2.2;2010-09-08
Et si on vivait tous ensemble?;2.8;2012-01-18
The Dish;3.6;2002-05-01
Broken English;2.6;2008-07-16
Mafia Blues 2 - la rechute;3.0;2003-01-22
Coup d'éclat;2.5;2005-02-09
La Panthère Rose 2;2.5;2009-02-18
Bad Santa;3.3;2004-11-17
Les Dalton;2.7;2004-12-08
Looking for Eric;4.2;2009-05-27
Cheba Louisa;2.4;2013-05-08
Ni à vendre, ni à louer;3.1;2011-06-29
Un Noël de folie !;2.0;2004-12-15
Sous le figuier;2.5;2013-03-20
Yogi l'ours;2.3;2011-02-09
Où gît votre sourire enfoui ?;3.6;2003-01-15
Diversion;2.7;2015-03-25
Be Cool;3.0;2005-03-23
Fils de;2.8;2014-10-29
Le fils de l'épicier;3.6;2007-08-15
À bras ouverts;1.8;2017-04-05
Gary & Linda;3.1;2007-08-23
Amis publics;2.7;2016-02-17
L'Ecole des dragueurs;1.6;2007-05-16
Antilles sur Seine;2.7;2000-12-13
Radio sexo latino, le blagueur sentimental;3.1;2000-11-01
Sous le même toit;2.8;2017-04-19
Melinda et Melinda;2.9;2005-01-12
Connasse, Princesse des coeurs;3.3;2015-04-29
Camping 3;2.5;2016-06-29
John Tucker doit mourir;1.1;2006-11-01
Le Monde de Dory;3.5;2016-06-22
Le Défi;3.1;2002-05-22
Ils se marièrent et eurent beaucoup d'enfants;3.3;2004-08-25
Black/white;2.5;2005-08-03
La Blonde contre-attaque;2.2;2003-09-24
Paddington;4.0;2014-12-03
Lolo;3.2;2015-10-28
Adieu Berthe ou l'enterrement de mémé;3.9;2012-06-20
Love Gourou;1.8;2008-09-17
La Stratégie de la poussette;1.9;2013-01-02
Malcolm;2.4;2013-01-23
Shortbus;4.1;2006-11-08
Touristes;3.4;2012-12-26
Le Crime est notre affaire;3.9;2008-10-15
Kitchen stories;3.4;2003-12-17
Charlie's Angels - les anges se déchaînent;3.4;2003-07-16
Gigantic;3.0;2010-01-06
Vive la crise !;2.7;2017-05-10
Ma meilleure ennemie;3.1;1999-02-10
Et soudain, tout le monde me manque;2.5;2011-04-20
Victoire;2.6;2004-12-22
Ocean's Twelve;3.8;2004-12-15
Alice de l'autre côté du miroir;2.7;2016-06-01
Une Journée à New York;2.3;2004-08-18
Boudu;2.5;2005-03-09
Livraison à domicile;2.1;2003-07-02
Boule & Bill;1.5;2013-02-27
Le Caïman;4.3;2006-05-22
Molière;3.0;2007-01-31
Un Soupçon de rose;2.7;2004-10-13
7 ans de séduction;2.5;2005-08-10
Gamer;2.4;2001-03-21
Computer Chess;3.2;2014-04-09
Une semaine sur deux (et la moitié des vacances scolaires);2.4;2009-07-22
L'Art de la pensée négative;3.7;2008-11-26
Frankenweenie;3.8;2012-10-31
Mon frère est fils unique;3.5;2007-09-12
Bienvenus !;3.5;2016-12-07
Tante Hilda !;2.8;2014-02-12
Quasimodo d'El Paris;3.2;1999-03-24
Un Village presque parfait;2.1;2015-02-11
La Famille Tenenbaum;3.6;2002-03-13
Florence Foster Jenkins;3.5;2016-07-13
Fame;2.0;2009-10-07
Incontrôlable;1.2;2006-02-08
American girls;2.7;2001-05-02
Le Terminal;3.3;2004-09-15
Breakfast of Champions;2.5;1999-04-21
Une heure de tranquillité;2.9;2014-12-31
Miss FBI : divinement armée;2.5;2005-04-13
Stick It;2.0;2007-01-10
Pompoko;4.4;2006-01-18
Hôtel Transylvanie;3.0;2013-02-13
Old school;2.4;2000-07-05
Un Vent de folie;2.8;1999-07-28
17 ans encore;2.4;2009-04-22
Les Visiteurs - La Révolution;2.0;2016-04-06
Love (et ses petits désastres);2.7;2007-04-25
Madame Irma;2.0;2006-12-06
L'Abominable vérité;2.5;2009-08-26
Friends With Kids;2.2;2012-08-01
Jacky au Royaume des Filles;2.7;2014-01-29
Le monde de Nathan;3.1;2015-06-10
Ocean's Eleven;4.1;2002-02-06
Tout peut arriver;2.9;2004-02-04
Quand la mer monte;4.2;2004-10-27
Kamikaze girls;2.8;2006-06-14
Le nouveau Jean-Claude;2.5;2002-06-26
Ana;3.3;2004-01-21
Babysitting 2;2.2;2015-12-02
Freaky Friday dans la peau de ma mère;3.2;2003-12-24
Jeux de dupes;2.7;2008-04-23
C'est quoi cette famille?!;2.8;2016-08-10
La Science des rêves;3.9;2006-08-16
Good Luck Algeria;3.7;2016-03-30
Pattaya;3.0;2016-02-24
20th Century Women;3.6;2017-03-01
Macadam Baby;3.1;2014-02-12
American Hero;3.1;2016-06-08
Les Têtes de l'emploi;2.8;2016-11-16
La Vie est belle;3.5;1998-10-21
Volt, star malgré lui;3.9;2009-02-04
La Boîte;2.3;2001-07-04
Opération Casse-noisette;2.6;2014-08-06
Les Beaux Gosses;4.3;2009-06-10
Quartier VIP;2.1;2005-05-25
Canailles Connection;2.9;2014-10-29
Ôtez-moi d'un doute;3.4;2017-09-06
Amour tout court;2.9;2003-02-12
Team America police du monde;3.4;2005-03-09
Confession d'un dragueur;2.2;2001-07-25
Les Conquérants;3.3;2013-09-25
Bienvenue au cottage;3.0;2008-07-09
Comment j'ai rencontré mon père;3.3;2017-06-07
Mille Mots;1.4;2012-05-16
Torpédo;3.1;2012-03-21
L'Art d'aimer;3.2;2011-11-23
Filles perdues, cheveux gras;2.8;2002-09-11
Colossal;4.0;2017-07-27
Les Femmes de ses rêves;3.3;2007-11-28
Le Lorax;2.9;2012-07-18
Cody Banks : agent secret;2.7;2003-07-30
40 ans, toujours puceau;3.2;2005-11-09
De l'autre côté du lit;2.4;2009-01-07
Le Nouveau stagiaire;2.9;2015-10-07
Olé !;2.8;2005-12-07
Il était une fois, une fois;2.0;2012-02-15
La Nouvelle vie de Paul Sneijder;3.7;2016-06-08
27 robes;2.5;2008-04-23
Les Combattants;4.1;2014-08-20
Trop loin pour toi;3.3;2010-09-29
Virgil;3.1;2005-09-07
Top Cops;1.7;2010-06-23
Dieu, ma mère et moi;3.0;2016-05-04
Waitress;3.4;2007-09-05
Happy Ever Afters;1.6;2009-10-21
30° Couleur;2.8;2012-03-14
Ladykillers;3.2;2004-06-09
La Main au collier;2.6;2005-10-05
Quatre étoiles;3.3;2006-05-03
Another Happy Day;3.0;2012-02-01
Tout pour plaire;3.4;2005-03-16
Radiostars;3.6;2012-04-11
50 Degres Fahrenheit;2.5;2000-12-06
Les Vacances du Petit Nicolas;2.9;2014-07-09
Humpday;3.0;2009-09-16
Clerks II;2.7;2007-05-02
Le Chat Potté;3.0;2011-11-30
Africa United;2.7;2011-01-19
Cursed;2.2;2005-06-29
Iznogoud;2.8;2005-02-09
L'Homme de ma vie;2.2;1999-09-22
Lucky Luke;2.5;2009-10-21
Wrong Cops;3.0;2014-03-19
Les Trois frères, le retour;1.8;2014-02-12
Bowling;2.3;2012-07-18
Umrika;3.3;2015-07-29
Camping à la ferme;3.1;2005-06-29
Autour de Lucy;2.7;2002-09-04
Adaptation.;3.3;2003-03-26
Last Vegas;2.4;2013-11-27
Obscénité et vertu;2.5;2008-09-17
J'ai faim !!!;2.6;2001-11-07
Polly et moi;2.4;2004-03-10
Hollywood Ending;3.8;2002-05-15
Je fais le mort;2.9;2013-12-11
Le Petit locataire;3.4;2016-11-16
Little Miss Sunshine;4.3;2006-09-06
Adieu, plancher des vaches !;3.8;1999-12-01
Les âmes de papier;2.6;2013-12-25
La Proposition;2.5;2009-09-23
Au diable Staline, vive les mariés !;3.2;2009-02-18
Mords-moi sans hésitation;1.5;2010-11-24
Fat Albert;2.1;2005-08-24
Qui perd gagne!;2.7;2004-06-23
Pixels;3.2;2015-07-22
L'Air de rien;3.6;2012-11-07
Ted 2;2.8;2015-08-05
Les Rayures du zèbre;3.3;2014-02-05
La doublure;2.4;2006-03-29
Mon Führer;2.2;2008-03-12
Sales Gosses;2.6;2017-07-19
L'Eventail de Lady Windermere;5.0;2007-04-04
Un Mariage trop parfait;2.4;2001-07-11
Les Premiers, les Derniers;3.8;2016-01-27
Ploddy - La voiture électrique mène l'enquête;2.6;2013-06-12
Pour le plaisir;2.6;2004-07-14
Elle s'appelle Ruby;2.7;2012-10-03
Jackass 3D;2.5;2010-11-03
Les Aiguilleurs;2.9;2000-07-19
Krampus;3.0;2016-05-04
Le Tout Nouveau Testament;3.2;2015-09-02
Eyjafjallajökull;2.5;2013-10-02
La Tour Montparnasse infernale;2.9;2001-03-28
Bridget Jones : l'âge de raison;2.6;2004-12-08
Chaque jour que Dieu fait;3.3;2013-09-04
Thank you for smoking;3.7;2006-09-13
Toute l'histoire de mes échecs sexuels;3.3;2009-05-06
Red 2;2.7;2013-08-28
Passe-passe;2.8;2008-04-16
Big Mamma 2;1.3;2006-03-22
Don Jon;2.8;2013-12-25
Crazy, Stupid, Love;3.0;2011-09-14
Sexo por compasión;2.9;2004-06-23
Hôtel Paradiso, une maison sérieuse;2.4;2001-05-30
Arnaque à la carte;1.9;2013-06-12
Mumu;2.8;2010-03-24
Hop;2.1;2011-07-06
Collège attitude;2.1;1999-07-14
Pour le meilleur et pour le rire;2.2;2003-07-09
Dans ses rêves;1.1;2009-09-30
Ces messieurs dames;4.7;2009-07-29
We Want Sex Equality;3.7;2011-03-09
Casablanca Driver;3.1;2004-06-30
Le Couperet;4.3;2005-03-02
40 jours et 40 nuits;2.2;2002-07-10
Les Schtroumpfs;2.6;2011-08-03
Sous Les Jupes Des Filles;2.3;2014-06-04
Mariage mixte;2.3;2004-05-26
L'Iceberg;3.9;2006-04-05
Embrasse-moi !;2.6;2017-07-05
L'Orpheline avec en plus un bras en moins;2.1;2012-01-11
Tulpan;3.8;2009-03-04
Happy, Texas;3.3;2000-08-09
Liberté-Oléron;3.4;2001-06-20
Grabuge !;2.9;2005-09-14
The Dictator;2.8;2012-06-20
Tip Top;3.1;2013-09-11
Le Jour d'après;4.1;2017-06-07
Friends With Money;2.4;2006-10-11
Breakfast on Pluto;3.4;2006-03-01
Spy;3.0;2015-06-17
Si seulement...;2.0;2004-11-24
Le Roi du Curling;2.6;2013-01-02
Les tribulations d'une caissière;2.3;2011-12-14
Bienvenue à Cedar Rapids;2.0;2011-06-15
Affaire de famille;2.9;2008-06-04
Une nuit à New York;3.1;2009-03-18
Bons à rien;2.8;2015-02-18
L'Etudiante et Monsieur Henri;3.4;2015-10-07
L'Amour sans préavis;2.9;2003-02-19
15 août;2.9;2001-04-18
Les Chèvres du Pentagone;3.1;2010-03-10
La Dream Team;2.8;2016-03-23
Odette Toulemonde;2.0;2007-02-07
Megamind;3.1;2010-12-15
Human Traffic;3.3;2000-06-14
Le Sortilège du scorpion de Jade;3.7;2001-12-05
Faussaire;3.4;2007-06-13
Duos d'un jour;2.4;2001-01-10
Régina !;3.1;2002-12-11
Pain, Tulipes et Comédie;3.3;2002-10-25
In her shoes;3.2;2005-11-16
The Informant !;3.0;2009-09-30
Idiocracy;3.3;2007-04-25
Nos plus belles vacances;1.8;2012-03-07
Les Petites fleurs rouges;3.4;2006-12-27
Moi, Moche et Méchant 3;2.8;2017-07-05
Les Pierrafeu à Rock Vegas;2.3;2000-07-05
Absolument fabuleux;2.3;2001-08-29
Youth;3.6;2015-09-09
La Délicatesse;2.5;2011-12-21
Turf;1.9;2013-02-13
Les Tuche 2 - Le rêve américain;2.8;2016-02-03
Be Happy;3.9;2008-08-27
Et (beaucoup) plus si affinités;3.0;2014-10-29
Queenie in Love;3.2;2001-09-12
L'Auberge Espagnole;3.6;2002-06-19
Kate & Leopold;2.8;2002-04-03
Poltergay;2.4;2006-10-25
The Hit Girls;2.5;2013-05-08
Dumb & dumberer : quand Harry rencontra Lloyd;2.1;2003-08-13
Il était une fois;3.4;2007-11-28
L'Argent de la vieille;5.0;2006-07-12
La Vache et le Président;3.3;2000-06-28
Comme chiens et chats;2.8;2001-08-15
Amours, larcins et autres complications;3.1;2015-09-30
La Cerise sur le gâteau;2.1;2012-05-02
Ils sont partout;2.2;2016-06-01
Comme des frères;3.5;2012-11-21
Un Couple épatant;4.1;2003-01-01
Julie est amoureuse;4.0;1998-12-09
Désaccord parfait;2.8;2006-11-08
En Vacances;2.5;
Les Voyages de Gulliver;1.7;2011-02-23
RRRrrrr !!!;2.6;2004-01-28
Comme des bêtes;3.5;2016-07-27
La Jungle;2.4;2006-07-12
Détrompez-vous;2.1;2007-10-24
Wallace et Gromit : le Mystère du lapin-garou;4.9;2005-10-12
Jacqueline dans ma vitrine;2.7;
Happy Times;3.4;2002-07-10
Béliers;4.1;2015-12-09
Somers Town;3.4;2009-07-29
LOL USA;1.5;2012-09-12
Vous allez rencontrer un bel et sombre inconnu;3.5;2010-10-06
Igby;3.0;2003-05-07
Peter et Elliott le dragon;3.3;2016-08-17
Animal ! L'animal...;2.2;2001-12-26
Les acteurs;3.3;2000-04-05
La Véritable histoire du petit chaperon rouge;3.3;2006-01-25
Ping Pong Summer;3.0;2014-07-16
Kill Your Friends;3.2;2015-12-02
Fais-moi des vacances;3.5;2002-01-16
American Honey;3.0;2017-02-08
Pluto Nash;2.4;2002-08-21
Hairspray;3.0;2007-08-22
Pinocchio et Gepetto;2.6;2001-04-04
Office;3.1;2017-08-09
Nouveau Départ;3.0;2012-04-18
Warm Bodies;3.3;2013-03-20
Des saumons dans le désert;2.2;2012-06-06
Black Dynamite;2.8;2010-01-13
Tais-toi !;2.8;2003-10-22
Jean Michel Basquiat - Downtown 81;3.8;2010-10-13
Nos femmes;2.0;2015-04-29
Du Vent dans mes mollets;3.2;2012-08-22
Comment se faire larguer en 10 leçons;2.6;2003-06-11
Bienvenue au gîte;2.8;2003-09-03
Nanny McPhee;3.4;2006-02-08
Tu seras un homme;2.8;2013-05-15
Tellement proches !;3.1;2005-01-26
Tonnerre sous les Tropiques;3.6;2008-10-15
Bienvenue en Suisse;2.9;2004-06-30
Oh Boy;3.2;2013-06-05
Le Crocodile du Botswanga;3.4;2014-02-19
Tangerine;3.6;2015-12-30
Bruce tout-puissant;2.8;2003-09-03
Hello Goodbye;1.5;2008-11-26
Microbe et Gasoil;4.0;2015-07-08
Je Suis À Vous Tout De Suite;3.2;2015-09-30
Gerontophilia;3.5;2014-03-26
Hyper Noël;3.0;2002-12-18
Street dancers;2.6;2004-06-02
Mon voisin le tueur;2.7;2000-05-10
Au bonheur des hommes;2.3;2002-08-07
Peindre ou faire l'amour;3.8;2005-08-24
La Famille Foldingue;2.8;2000-08-30
Rue Mandar;3.3;2013-01-23
Hibou;3.4;2016-07-06
3 Zéros;3.4;2002-04-24
Sur un air d'autoroute;2.7;2000-06-28
South Park, le film;3.8;1999-08-25
Baby Boy;2.7;2001-09-19
Appelez-moi Dave;1.8;2008-08-13
Les Portes de la gloire;3.2;2001-06-13
Libre et assoupi;2.7;2014-05-07
Lolita malgré moi;2.9;2005-01-26
Les Amateurs;3.0;2004-01-14
Les Reines du ring;2.5;2013-07-03
Miss Détective;2.8;2001-04-04
Foon;2.4;2005-11-30
Les Grandes Ondes (à l'ouest);3.4;2014-02-12
L'auberge rouge;2.0;2007-12-05
Blonde et Brune;2.9;2005-03-09
Sans plus attendre;2.2;2008-02-27
Crazy Night;3.1;2010-05-12
Shrek 2;4.1;2004-06-23
Happy Feet 2;2.9;2011-12-07
Slackers;2.3;2002-07-24
La Grande finale;2.7;2007-03-28
Back Soon;3.4;2008-08-20
A Coup Sûr;1.8;2014-01-15
Shaun of the Dead;3.9;2005-07-27
Jack et Julie;1.6;2012-01-25
Scary Movie 4;2.4;2006-06-21
Belle comme la femme d'un autre;1.9;2014-01-22
Sumô;2.8;2010-01-27
F.B.I. Fausses Blondes Infiltrées;2.2;2004-10-20
Quai d'Orsay;3.4;2013-11-06
Une belle fin;3.7;2015-04-15
Nicostratos le pélican;3.0;2011-06-29
A Dirty Shame;3.3;2005-06-08
Dogma;2.7;2000-01-19
Merci Docteur Rey;2.4;2003-12-03
Un enfant pas comme les autres;2.6;2009-07-15
Spoof movie;2.3;2001-11-21
Entourage;2.2;2015-06-24
Moi, député;3.1;2012-08-29
Le Mécano de la Générale;5.0;2017-08-09
Black;2.6;2009-07-15
La Vierge, les Coptes et Moi;3.5;2012-08-29
Gloups ! je suis un poisson;3.7;2001-04-11
Raccroche !;2.6;2000-06-07
On fait comme on a dit;2.1;2000-05-24
Chroniques sexuelles d'une famille d'aujourd'hui;2.2;2012-05-09
Le Chat chapeauté;2.3;2004-03-31
Going To Brazil;2.6;2017-03-22
Love Actually;3.0;2003-12-03
Blanche Neige;2.4;2012-04-11
No Pain No Gain;3.1;2013-09-11
Le Costard;3.0;2004-05-12
8 femmes;4.2;2002-02-06
Le Premier qui l'a dit;2.4;2010-07-21
Hollywood Homicide;2.6;2003-10-01
Esperanza et ses saints;3.1;2001-01-10
Monstres Academy;3.5;2013-07-10
My Movie Project;2.0;2013-06-19
Cassos;2.7;2012-06-13
Suzanne;2.8;2007-03-07
Astérix aux Jeux Olympiques;1.9;2008-01-30
Loggerheads;3.3;2007-03-14
Joy;3.0;2015-12-30
L'Antidote;2.9;2005-03-30
Love is all you need;2.9;2012-12-19
Délire Express;3.2;2008-12-03
Les Dents de la nuit;2.7;2008-08-06
The Fighting Temptations;2.6;2004-03-03
The Artist;4.1;2012-01-25
Baby Boss;3.4;2017-03-29
Gigante;3.7;2011-04-27
Cabaret Paradis;2.6;2006-04-12
La Vie aquatique;3.8;2005-03-09
Prison à domicile;2.3;2000-05-08
Almanya;3.4;2012-05-30
Les Gens en maillot de bain ne sont pas (forcément) superficiels;2.7;2001-01-10
Apnée;3.3;2016-10-19
Esprit d'équipe;1.9;2006-07-19
Le Mariage à trois;3.4;2010-04-21
Tout... sauf en famille;2.2;2008-12-31
On l’appelle Jeeg Robot;3.3;2017-05-03
Le Smoking;2.9;2002-12-25
La Nana (la bonne);3.6;2009-10-14
Adam's apples;3.6;2006-07-12
L'Art (délicat) de la séduction;2.5;2001-03-21
No Ordinary Love;2.4;
Jean-Philippe;3.5;2006-04-05
Austin Powers dans Goldmember;3.6;2002-10-23
L'Art de séduire;2.5;2011-07-27
Telle Mère, Telle Fille;3.0;2017-03-29
Inupiluk + Le film que nous tournerons au Groenland;3.0;2015-02-25
Les Infidèles;3.0;2012-02-29
Origine contrôlée;3.1;2001-01-24
Arrête ton Cinéma!;3.0;2016-01-13
Cupcakes;2.7;2014-06-11
Didine;3.7;2008-01-23
Y a-t-il un flic pour sauver l'humanité ?;2.0;2002-07-31
Calendar Girls;3.1;2003-12-31
Love & Sex;3.2;2000-07-26
Le cochon de Gaza;3.5;2011-09-21
Les Ex;2.2;2017-06-21
La Rumeur court...;2.4;2006-01-11
10.000 Km;2.8;2015-04-29
Robot and Frank;3.4;2012-09-19
Cadavres à la Pelle;2.8;2011-08-31
Laissons Lucie faire;3.4;2000-12-27
Le Détonateur;3.0;2000-07-12
Un + une;3.4;2015-12-09
Winnipeg mon amour;4.4;2009-10-21
Le Royaume des Rapiats;3.0;2001-04-25
Bienvenue à bord;1.7;2011-10-05
Les 3 p'tits cochons;2.7;2008-08-06
The Boyfriend - Pourquoi lui ?;1.9;2017-01-25
Les Grandes bouches;2.8;1999-02-24
Reality;2.8;2012-10-03
Ce soir, je dors chez toi;2.3;2007-11-21
Avida;3.1;2006-09-13
Dépression et des Potes;2.1;2012-05-02
Time's up!;3.3;2002-09-25
La Tête ailleurs;3.0;2010-12-08
Sex Tape;2.2;2014-09-10
Bee movie - drôle d'abeille;3.0;2007-12-12
Monsieur Woodcock;2.1;2008-07-23
Comme Un Avion;4.0;2015-06-10
Toute première fois;3.1;2015-01-28
Bad Buzz;1.6;2017-06-21
The Green Hornet;3.5;2011-01-12
Les Saignantes;2.7;2009-05-20
Bienvenue à Zombieland;3.6;2009-11-25
Dr. Dolittle 2;2.7;2001-08-01
Ma vie en l'air;3.5;2005-09-07
The Meyerowitz Stories (New and Selected);3.3;2017-10-13
Le 51e Etat;2.6;2002-07-10
Jardins en automne;3.6;2006-09-06
L'Amour c'est mieux à deux;2.3;2010-05-05
Comment c’est loin;3.4;2015-12-09
Les Aristos;1.5;2006-09-20
Marie-Francine;3.1;2017-05-31
Pourquoi j'ai pas mangé mon père;3.1;2015-04-08
Nha fala;3.0;2003-07-16
Nouvelle chance;3.6;2006-11-08
Mariage et conséquences;2.6;2004-08-11
La Nuit au musée 2;3.0;2009-05-20
I Wish;3.8;2012-04-11
Je veux tout;3.1;1999-11-17
Père et fille;2.8;2004-08-11
Baby Blues;2.6;2008-11-26
Les Randonneurs à Saint-Tropez;2.2;2008-04-09
Five;3.0;2016-03-30
Mes meilleures amies;3.8;2011-08-10
Shaolin Basket;1.9;2008-08-20
Mammuth;3.7;2010-04-21
Papa Ou maman 2;3.3;2016-12-07
Cigarettes et chocolat chaud;3.6;2016-12-14
Et l'homme créa la femme;2.4;2004-07-07
Zombillénium;3.4;2017-10-18
Pièce montée;2.8;2010-03-10
Wasabi - La petite moutarde qui monte au nez;3.0;2001-10-31
Lost killers;3.4;2001-08-08
Au cas où je n'aurais pas la palme d'or;2.3;2012-08-08
Bancs publics (Versailles rive droite);3.4;2009-07-08
Dans la peau de John Malkovich;3.9;1999-12-08
Vive les vacances;2.3;2015-08-19
Mi-temps au mitard;2.8;2005-11-23
Peace, Love et plus si affinités;2.0;2012-05-30
Mr. Accident;2.5;2001-07-11
Trop belle !;2.6;2010-06-23
Les Triplettes de Belleville;4.5;2003-06-11
Bad Moms;3.0;2016-08-03
En toute complicité;3.2;2000-05-31
Hors d'atteinte;4.0;1998-12-02
Bad Grandpa;2.3;2013-12-11
Eh mec, elle est où ma caisse ?;2.6;2001-04-18
Max;2.3;2013-01-23
Jackpot;2.2;2008-05-07
Gaz de France;2.9;2016-01-13
Les Filles au Moyen Âge;3.7;2016-01-27
Birdman;4.0;2015-02-25
Zoom;2.6;2016-06-08
Panique au village;4.0;2009-10-28
Sea, No Sex and Sun;2.2;2012-05-09
Jeune Femme;3.9;2017-11-01
The Grand Budapest Hotel;4.5;2014-02-26
7 jours et une vie;2.5;2002-08-14
Le Petit Spirou;2.8;2017-09-27
Un monstre à Paris;3.4;2011-10-12
Les Winners;3.0;2011-08-31
Comme t'y es belle!;3.0;2006-05-10
Bon rétablissement !;3.0;2014-09-17
Sempre vivu ! (Qui a dit que nous étions morts ?);3.0;2007-06-13
Les Mondes de Ralph;3.3;2012-12-05
Les Gamins;3.2;2013-04-17
Aïe;3.7;2004-06-10
Tout le plaisir est pour moi;2.7;2004-08-18
Slevin;2.9;2006-06-28
Coup de foudre à Bollywood;3.1;2004-12-22
Le Gourou et les femmes;2.5;2003-01-01
Chair de Poule - Le film;2.9;2016-02-10
Astérix - Le Domaine des Dieux;3.7;2014-11-26
La Nuit au musée;3.0;2007-02-07
Out of Time;2.8;2004-01-28
Le Grimoire d'Arkandias;2.7;2014-10-22
Sisters;2.5;2016-05-11
Adopte Un Veuf;2.9;2016-04-20
I Love L.A.;3.3;1999-07-28
Arrête de pleurer Pénélope;1.8;2012-06-06
Guibord s'en va-t-en guerre;3.4;2016-07-27
Qui c'est les plus forts ?;3.0;2015-06-03
Paris à tout prix;2.8;2013-07-17
Mon père, ma mère, mes frères et mes soeurs...;2.4;1999-06-16
Ted;3.6;2012-10-10
The Brooklyn Brothers;3.1;2012-11-28
L'Extraterrestre;2.6;2000-02-02
Vicky;2.6;2016-06-08
