Films;Note Globale
# Pire soirée;1.6
#Chef;2.8
(500) jours ensemble;3.3
(S)ex List;2.2
1 duplex pour 3;3.3
10 bonnes raisons de te larguer;2.1
10.000 Km;2.8
100 Girls;2.2
100% Cachemire;1.8
1001 Pattes;4.5
102 dalmatiens;2.9
11 : 14 onze heures quatorze;3.0
12 ans d'âge;2.2
14 ans, premier amour;3.1
15 ans et demi;1.8
15 août;2.9
17 ans encore;2.4
18 ans après;2.9
2 Days In New York;3.4
2 Days in Paris;3.9
2 Guns;2.1
2 automnes 3 hivers;3.2
20 ans d'écart;3.6
20th Century Women;3.6
21 Jump Street;2.7
21 nuits avec Pattie;4.1
22 Jump Street;3.5
25 Watts;3.1
27 robes;2.5
3 Amis;2.6
3 Zéros;3.4
3 fois 20 ans;2.1
3, Chronique d'une famille singulière;3.1
30 Beats;1.9
30 Minutes Maximum;2.3
30 ans sinon rien;3.3
30° Couleur;2.8
40 ans : mode d'emploi;3.4
40 ans, toujours puceau;3.2
40 jours et 40 nuits;2.2
48 heures par jour;1.8
5 ans de Réflexion;3.1
50 Degres Fahrenheit;2.5
7 Psychopathes;2.3
7 ans de mariage;2.9
7 ans de séduction;2.5
7 jours et une vie;2.5
8 femmes;4.2
800 balles;3.1
9 mois ferme;4.1
99 francs;3.0
A Coup Sûr;1.8
A Dirty Shame;3.3
A Love You;2.6
A Toute Épreuve;3.0
A boire;2.9
A bord du Darjeeling Limited;3.8
A la carte;2.1
A tout jamais, une histoire de Cendrillon;2.8
A trois on y va;3.9
A very Englishman;2.8
A vif !;2.3
Aaltra;3.8
Abattoir 5;4.2
Absolument fabuleux;2.3
Absolutely Anything;2.3
Absolutely Fabulous : Le Film;2.6
Achille et la tortue;4.0
Adam's apples;3.6
Adaptation.;3.3
Adieu Berthe ou l'enterrement de mémé;3.9
Adieu, plancher des vaches !;3.8
Adopte Un Veuf;2.9
Aferim!;3.6
Affaire de famille;2.9
Africa United;2.7
Afrik'Aïoli;2.9
Agathe Cléry;2.0
Agents presque secrets;2.3
Agents très spéciaux - Code U.N.C.L.E;3.3
Ah ! la libido;2.0
Ah ! si j'étais riche;3.2
Aimer, boire et chanter;3.7
Akoibon;3.1
Albert à l'ouest;2.6
Alceste à bicyclette;3.6
Alex Rider : Stormbreaker;2.2
Ali G;3.3
Alibi.com;2.9
Alice de l'autre côté du miroir;2.7
All That I Love;3.2
All about Albert;3.2
Aller simple pour Manhattan;3.1
Allumeuses !;2.4
Almanya;3.4
Alpha & Omega - 3D;1.8
Alvin et les Chipmunks;2.2
Alvin et les Chipmunks - A fond la caisse;1.8
Alvin et les Chipmunks 3;2.3
Amazone;2.3
American Dreamz;3.3
American Hero;3.1
American Honey;3.0
American Pie;3.0
American Pie 2;2.2
American Pie 4;1.6
American Trip;3.2
American Ultra;2.9
American girls;2.7
American party - Van Wilder relations publiques;2.1
American pie : marions-les !;3.0
Amis publics;2.7
Amor al primer nieto;3.3
Amour & turbulences;2.8
Amour et amnésie;2.9
Amour tout court;2.9
Amour, piments et bossa nova;2.8
Amour, vengeance & trahison;2.7
Amours salées et plaisirs sucrés;2.3
Amours troubles;2.2
Amours, larcins et autres complications;3.1
Ana;3.3
Andalucía;3.9
Angel-A;2.8
Angry Birds - Le Film;3.3
Animal ! L'animal...;2.2
Anita n'en fait qu'à sa tête;3.0
Annie-Mary à la folie !;2.8
Another Happy Day;3.0
Antilles sur Seine;2.7
Anything else, la vie et tout le reste;3.6
Apnée;3.3
Appelez-moi Dave;1.8
Appelez-moi Kubrick;2.4
Apprenti Gigolo;2.8
Après vous...;3.8
Arac attack, les monstres à huit pattes;3.7
Arnaque à la carte;1.9
Arrête de pleurer Pénélope;1.8
Arrête ou je continue;3.3
Arrête ton Cinéma!;3.0
Arrête-moi si tu peux;4.2
Arthur Newman;2.3
Artémis, coeur d'artichaut;3.8
Associés contre le crime...;3.1
Astérix - Le Domaine des Dieux;3.7
Astérix aux Jeux Olympiques;1.9
Astérix et Obélix : Mission Cléopâtre;3.8
Astérix et Obélix : au service de Sa Majesté;3.2
Astérix et Obélix contre César;3.1
Atomik Circus, le retour de James Bataille;3.2
Attila Marcel;3.4
Attraction animale;2.5
Au bonheur des hommes;2.3
Au bonheur des ogres;2.6
Au bout du conte;3.5
Au cas où je n'aurais pas la palme d'or;2.3
Au diable Staline, vive les mariés !;3.2
Au fil d'Ariane;3.1
Au nom du peuple italien;4.4
Au secours, j'ai 30 ans !;2.1
Au suivant !;2.6
Augustin, roi du kung-fu;3.8
Aurore;3.4
Austin Powers - l'espion qui m'a tirée;3.2
Austin Powers dans Goldmember;3.6
Autour de Lucy;2.7
Avant la fin de L'été;3.5
Avant qu'il ne soit trop tard;2.6
Ave, César!;3.6
Avida;3.1
Avril et le monde truqué;3.7
Away We Go;3.5
Aïe;3.7
Bab el web;3.0
Babe, le cochon dans la ville;3.7
Baby Blues;2.6
Baby Boss;3.4
Baby Boy;2.7
Baby Driver;3.7
Baby Phone;2.5
Baby-Sitter malgré lui;1.4
Babylon, USA;3.8
Babysitting;3.2
Babysitting 2;2.2
Bachelorette;2.2
Back Soon;3.4
Bad Boys II;2.3
Bad Buzz;1.6
Bad Company;2.6
Bad Grandpa;2.3
Bad Moms;3.0
Bad Moms 2;2.7
Bad Santa;3.3
Bad Teacher;2.4
Balada Triste;3.2
Balles de feu;2.1
Bambou;1.9
Banana;2.8
Bancs publics (Versailles rive droite);3.4
Bande de sauvages;2.0
Bandidas;2.7
Bandits;3.8
Barbecue;2.3
Barnie et ses petites contrariétés;2.9
Battle of the Sexes;3.4
Baywatch - Alerte à Malibu;1.8
Be Bad !;2.8
Be Cool;3.0
Be Happy;3.9
Beaucoup de bruit pour rien;3.2
Beautés empoisonnées;2.9
Bee movie - drôle d'abeille;3.0
Being light;3.1
Belle Maman;2.8
Belle comme la femme d'un autre;1.9
Belles à mourir;3.5
Benvenuti al Sud;1.7
Better Than Sex;2.3
Beur blanc rouge;2.7
Beur sur la ville;1.8
Bienvenue au Gondwana;2.4
Bienvenue au cottage;3.0
Bienvenue au gîte;2.8
Bienvenue chez les Ch'tis;3.6
Bienvenue chez les Robinson;3.1
Bienvenue chez les Rozes;2.3
Bienvenue dans la jungle;2.8
Bienvenue en Suisse;2.9
Bienvenue à Cadavres-Les-Bains;3.0
Bienvenue à Cedar Rapids;2.0
Bienvenue à Collinwood;3.0
Bienvenue à Marly-Gomont;3.2
Bienvenue à Suburbicon;3.1
Bienvenue à Zombieland;3.6
Bienvenue à bord;1.7
Bienvenus !;3.5
Big Bad Wolves;2.4
Big City;2.2
Big Daddy;2.7
Big Eyes;3.2
Big Mamma;2.7
Big Mamma 2;1.3
Birdman;4.0
Bis;3.2
Black;2.6
Black Dynamite;2.8
Black Sheep;3.1
Black/white;2.5
Blackout Total;2.3
Blanche;2.5
Blanche Neige;2.4
Blanche Neige, la Suite;1.5
Blanche Nuit;2.5
Bliss;2.9
Blonde et Brune;2.9
Bob l'éponge - Le film;3.3
Bob l'éponge - Le film : Un héros sort de l'eau;2.8
Bon Voyage;3.7
Bon plan;2.7
Bon rétablissement !;3.0
Bon à Tirer (B.A.T.);2.9
Bonne pomme;1.9
Bons à rien;2.8
Borat, leçons culturelles sur l'Amérique au profit glorieuse nation Kazakhstan;3.9
Born Romantic;3.2
Boudu;2.5
Boule & Bill;1.5
Boule & Bill 2;2.2
Boulevard de la mort - un film Grindhouse;3.4
Bouquet final;2.8
Bowfinger, roi d'Hollywood;3.1
Bowling;2.3
Boy;3.6
Boy Culture;3.0
Boys Like Us;2.8
Boys and Girls;2.4
Braquage à l'ancienne;3.0
Braqueurs amateurs;3.1
Breakfast of Champions;2.5
Breakfast on Pluto;3.4
Brendan & Trudy;3.0
Brice 3;2.6
Brice de Nice;2.8
Bridget Jones : l'âge de raison;2.6
Bridget Jones Baby;3.4
Broken English;2.6
Broken Flowers;4.1
Bronx à Bel Air;2.9
Bruce tout-puissant;2.8
Brèves de comptoir;2.5
Brüno;3.6
Bubba Ho-Tep;3.8
Burn After Reading;3.7
Bye Bye Blondie;2.2
Bye Bye Love;3.4
Bâtards;3.0
Bébé mode d'emploi;2.3
Béliers;4.1
Bêtes de scène;3.5
C'est la fin;2.9
C'est le bouquet !;3.3
C'est quoi cette famille?!;2.8
Ca ira mieux demain;3.7
Ca se soigne?;2.0
Ca$h;2.5
Cabaret Paradis;2.6
Cadavres à la Pelle;2.8
Café Society;4.1
Cahier intime;2.2
Calendar Girls;3.1
Call me Agostino;2.2
Camping;2.3
Camping 2;2.6
Camping 3;2.5
Camping car;2.3
Camping à la ferme;3.1
Canailles Connection;2.9
Capitaine Superslip;2.6
Caprice;3.5
Carmina !;3.1
Cars;4.0
Casablanca Driver;3.1
Case départ;3.0
Casses en tous genres;2.7
Cassos;2.7
Casting Sauvage;2.9
Cause toujours!;3.3
Ce Qui Nous Lie;3.2
Ce que pensent les hommes;1.9
Ce que veulent les femmes;3.7
Ce qui vous attend si vous attendez un enfant;1.6
Ce soir, je dors chez toi;2.3
Cecil B. Demented;3.4
Celebrity;4.1
Celle que j'aime;1.9
Cendrillon & le prince (pas trop) charmant;1.9
Certifiée Halal;2.0
Ces messieurs dames;4.7
Chacun sa vie;2.1
Chacun son cinéma;3.9
Chair de Poule - Le film;2.9
Changement d'adresse;4.0
Chansons du deuxième étage;3.7
Chantons sous la pluie;4.8
Chaque jour que Dieu fait;3.3
Charlie Mortdecai;2.4
Charlie et la chocolaterie;4.0
Charlie's Angels - les anges se déchaînent;3.4
Charmant garçon;3.0
Chassé-croisé à Manhattan;1.5
Cheba Louisa;2.4
Cherche fiancé tous frais payés;1.7
Chercher le garçon;3.5
Cherchez Hortense;3.5
Cherchez la femme;3.4
Chez Gino;2.5
Chez nous c'est trois !;2.8
Chic!;3.0
Chicago;3.7
Chiens des neiges;2.8
Children of the Revolution;3.0
Chili con carne;2.3
Chouchou;3.3
Chouquette;2.4
Chroniques d'une cour de récré;3.5
Chroniques indiennes;3.2
Chroniques sexuelles d'une famille d'aujourd'hui;2.2
Chéri;3.5
Cigarettes et chocolat chaud;3.6
Cigognes et compagnie;3.3
Cinq minutes de détente;2.0
Cinéman;2.0
Citoyen d'honneur;3.8
City Island;3.3
Clara et moi;3.4
Clerks II;2.7
Click : Télécommandez votre vie;2.1
Coco;1.8
Cody Banks : agent secret;2.7
Coexister;3.3
Collège attitude;2.1
Colossal;4.0
Comme Un Avion;4.0
Comme chiens et chats;2.8
Comme des bêtes;3.5
Comme des frères;3.5
Comme les autres;3.0
Comme t'y es belle!;3.0
Comme tout le monde;2.2
Comme un Chef;2.0
Comment c’est loin;3.4
Comment j'ai rencontré mon père;3.3
Comment savoir;2.9
Comment se faire larguer en 10 leçons;2.6
Comment tuer le chien de son voisin;3.3
Comment tuer son Boss ?;2.6
Comment tuer son boss 2;2.3
Company Man;2.6
Computer Chess;3.2
Confession d'un dragueur;2.2
Confessions d'un homme dangereux;3.8
Confessions d'une accro du shopping;2.5
Confetti;1.7
Connasse, Princesse des coeurs;3.3
Connie et Carla;3.5
Cookie's Fortune;3.8
Copains pour toujours 2;1.0
Coup d'éclat;2.5
Coup de foudre à Bollywood;3.1
Coup de foudre à Manhattan;2.6
Coup de foudre à Notting Hill;3.8
Coup de foudre à Rhode Island;2.7
Coup de peigne;2.7
Couple de stars;3.0
Cours toujours Dennis;2.6
Coursier;2.6
Cowboy;3.5
Crazy Amy;3.1
Crazy Night;3.1
Crazy kung-fu;4.1
Crazy, Stupid, Love;3.0
Crocodile Dundee 3;2.1
Crossroads;2.6
Crush le club des frustrées;3.2
Crustacés et Coquillages;3.9
Cupcakes;2.7
Cursed;2.2
Cyprien;2.1
Cyrus;3.1
Célibataire, mode d'emploi;2.4
Célibataires;1.3
Daddy Cool;2.4
Damsels in Distress;3.1
Dance Battle - Honey 2;1.8
Dance Movie;1.3
Dancing Queens;2.8
Dans l'ombre de Mary - La promesse de Walt Disney;3.5
Dans la peau de John Malkovich;3.9
Dans la tête de Charles Swan III;2.3
Dans la vie;3.9
Dans ses rêves;1.1
Dark Shadows;3.5
Date limite;3.1
De Douces Paroles;2.8
De l'autre côté du lit;2.4
De l'autre côté du périph;2.9
De plus belle;3.3
De vrais mensonges;3.0
Deadpool;3.0
Dear Wendy;2.4
Dear White People;3.5
Deep End;4.9
Demain Tout Commence;3.2
Demande à la poussière;2.4
Demandez la permission aux enfants !;2.5
Demi-soeur;1.3
Demi-tarif;4.0
Dernier étage, gauche, gauche;2.7
Des Lendemains qui chantent;3.1
Des Morceaux de Moi;2.3
Des gens qui s'embrassent;1.9
Des nouvelles de la planète Mars;3.4
Des saumons dans le désert;2.2
Deux Rémi, deux;3.4
Deux en un;4.1
Deuxième vie;2.7
Dialogue avec mon jardinier;2.8
Diane a les épaules;3.5
Didine;3.7
Dieu, ma mère et moi;3.0
DieuMerci !;3.3
Dikkenek;2.5
Dirty Papy;1.6
Disco;2.0
Discount;3.6
Diversion;2.7
Divine mais dangereuse;2.8
Divorces;2.2
Divorcing Jack;3.5
Dix hivers à Venise;2.9
Djib;2.8
Do Not Disturb;2.0
Docteur T et les femmes;3.5
Doggy Bag;2.2
Dogma;2.7
Don Jon;2.8
Donnant, Donnant;1.5
Donne-moi ta main;2.1
Dope;3.4
Dorian Blues;2.2
Dr. Dolittle 2;2.7
Drôles D'oiseaux;2.9
Du Jour au Lendemain;3.1
Du Vent dans mes mollets;3.2
Dumb & Dumber De;2.9
Dumb & dumberer : quand Harry rencontra Lloyd;2.1
Duo d'escrocs;3.0
Duos d'un jour;2.4
Duplicity;2.7
Débarquement immédiat;2.4
Décalage horaire;3.4
Délire Express;3.2
Dépression et des Potes;2.1
Désaccord parfait;2.8
Détrompez-vous;2.1
Echange standard;2.1
Ecole paternelle;2.9
Edy;2.8
Eh mec, elle est où ma caisse ?;2.6
Elfe;2.6
Elle critique tout !;2.2
Elle est trop bien;2.6
Elle l'adore;3.7
Elle s'appelle Ruby;2.7
Elvis & Nixon;3.4
Embrasse-moi !;2.6
Embrassez qui vous voudrez;4.0
Emmenez-moi;2.8
En Vacances;2.5
En bonne compagnie;3.4
En cloque, mode d'emploi;3.0
En direct sur Ed TV;3.3
En pays cannibale;1.9
En route !;3.2
En toute complicité;3.2
En toute humilité - The Humbling;2.4
Encore Heureux;3.3
Endiablé;3.2
Enfermés dehors;3.9
Enfin veuve;1.9
Ensemble c'est trop;2.1
Ensemble, nous allons vivre une très, très grande histoire d'amour...;3.0
Entourage;2.2
Envoyés très spéciaux;3.0
Epouse-moi;2.7
Epouse-moi mon pote;2.2
Eros Thérapie;3.8
Erreur de la banque en votre faveur;3.1
Escapade à New York;2.4
Escrocs mais pas trop;3.4
Espace détente;2.9
Esperanza et ses saints;3.1
Espion et demi;2.1
Espion mais pas trop !;2.2
Esprit d'équipe;1.9
Esprit de famille;3.1
Essaye-moi;3.3
Et (beaucoup) plus si affinités;3.0
Et l'homme créa la femme;2.4
Et si c'était vrai...;2.5
Et si on vivait tous ensemble?;2.8
Et soudain, tout le monde me manque;2.5
Et toi, t'es sur qui ?;3.8
Evan tout-puissant;1.5
Everybody Wants Some !!;3.4
Everybody famous;3.1
Evolution;3.0
Eyjafjallajökull;2.5
F.B.I. Fausses Blondes Infiltrées;2.2
Fair play;2.7
Fais-moi des vacances;3.5
Fais-moi plaisir !;3.4
Fais-moi rêver;2.3
Fame;2.0
Famille à louer;2.2
Familles à vendre;2.7
Family Man;2.9
Fanfan La Tulipe;3.3
Fantastic Mr. Fox;4.3
Fantastic birthday;3.3
Fashion Maman;2.2
Fashion victime;2.6
Fast Food, Fast Women;3.8
Fastlife;2.7
Fat Albert;2.1
Fatal;2.8
Faussaire;3.4
Faut pas lui dire;2.9
Fauteuils d'orchestre;3.2
Favelas;2.8
Felicidad;3.2
Fido;3.2
Filles perdues, cheveux gras;2.8
Fils de;2.8
Fin de partie;3.7
Five;3.0
Flagrant délire;2.7
Flic de haut vol;2.7
Florence Foster Jenkins;3.5
Fonzy;2.4
Fool Moon;2.5
Foon;2.4
For Your Consideration;2.9
Fous d'Irène;3.8
France boutique;2.9
Frangins malgré eux;3.9
Frank;2.7
Frankenweenie;3.8
Frankie Wilde;2.6
Freaky Friday dans la peau de ma mère;3.2
Free Fire;2.7
Freestyle;3.1
Friends With Kids;2.2
Friends With Money;2.4
Fright Night;2.4
Frogz;1.6
Frère Noël;1.5
Gaby Baby Doll;2.8
Galaxy Quest;3.6
Gambit, arnaque à l’anglaise;2.5
Gamer;2.4
Gang de requins;2.8
Gangsterdam;2.0
Gangsters, Sex & Karaoke;2.2
Garfield 2;1.8
Gary & Linda;3.1
Gaz de France;2.9
Gemma Bovery;3.4
Gentille;3.6
Georges le petit curieux;3.1
Gerontophilia;3.5
Getting Any ?;3.1
Gianni et les femmes;3.3
Gigante;3.7
Gigantic;3.0
Girl Next Door;2.9
Girls Only;3.2
Girls Will Be Girls;2.5
Gloria;3.7
Glory to the Filmmaker !;3.1
Gloups ! je suis un poisson;3.7
Gnomeo et Juliette;2.7
Go;2.9
Go Go Tales;3.1
God Bless America;3.1
Going To Brazil;2.6
Gomez & Tavarès;2.9
Gomez VS Tavarès;1.4
Good Luck Algeria;3.7
Good Morning England;3.7
Goodbye Lover;3.0
Goodbye Solo;3.7
Gosford Park;4.2
Grabuge !;2.9
Grill point;3.6
Grimsby - Agent trop spécial;2.8
Grégoire Moulin contre l'humanité;2.8
Guibord s'en va-t-en guerre;3.4
H2G2 : le guide du voyageur galactique;3.5
HS Hors Service;2.5
Hairspray;3.0
Halal police d'Etat;2.8
Hancock;2.8
Hannah Montana, le film;1.8
Hanté par ses ex;2.0
Happy Accidents;3.1
Happy Christmas !;2.7
Happy Ever Afters;1.6
Happy Feet 2;2.9
Happy Times;3.4
Happy, Texas;3.3
Harold et Kumar s'évadent de Guantanamo;2.3
Heavy Girls;2.9
Hello Goodbye;1.5
Hellphone;2.7
Henry;1.8
Hey, Happy !;2.8
Hibou;3.4
High Fidelity;3.5
Histoire de fantômes chinois;3.0
Histoires enchantées;2.1
Hit and run;1.8
Hitch - Expert en séduction;3.0
Hitman & Bodyguard;2.8
Holiday;2.4
Hollywood Ending;3.8
Hollywood Homicide;2.6
Home for Christmas;3.1
Honest;3.0
Hop;2.1
Hors d'atteinte;4.0
Hors de prix;3.4
Horton;3.4
Hot Fuzz;3.6
Hotel Normandy;2.3
Human Nature;3.1
Human Traffic;3.3
Humpday;3.0
Hyper Noël;3.0
Hénaut Président;2.7
Hôtel Paradiso, une maison sérieuse;2.4
Hôtel Transylvanie;3.0
Hôtel Transylvanie 2;3.4
Hôtesse à tout prix;2.2
I Don't Want to Sleep Alone;3.6
I Love L.A.;3.3
I Love You Phillip Morris;3.9
I Love You, Man;2.4
I Wish;3.8
Ich bin eine terroristin;2.5
Idiocracy;3.3
Idlewild gangsters club;2.3
If Only;3.4
Igby;3.0
Il a déjà tes yeux;3.3
Il cuore grande delle ragazze (Le Grand Coeur des femmes);2.1
Il n'est jamais trop tard;2.0
Il ne faut jurer de rien !;2.9
Il reste du jambon ?;1.8
Il était une fois;3.4
Il était une fois dans l'Oued;3.1
Il était une fois, une fois;2.0
Ils se marièrent et eurent beaucoup d'enfants;3.3
Ils sont partout;2.2
Imogene;2.6
Imogène McCarthery;2.6
In her shoes;3.2
In love;2.3
In the Air;3.5
In the Loop;3.8
Incognito;2.9
Incontrôlable;1.2
Indian Palace - Suite royale;3.1
Insaisissables 2;2.9
Intolérable cruauté;4.0
Intouchables;3.7
Inupiluk + Le film que nous tournerons au Groenland;3.0
Irrésistible Alfie;2.6
Irène;3.0
Italian for beginners;3.8
Iznogoud;2.8
J'adore Huckabees;3.0
J'ai faim !!!;2.6
J'arrête quand je veux;2.8
J'invente rien;2.9
J'irai cracher sur vos tongs;2.2
J'me sens pas belle;3.8
J'veux pas que tu t'en ailles;2.4
JC Comme Jésus Christ;2.3
JCVD;3.5
Jack et Julie;1.6
Jackass 3D;2.5
Jackpot;2.2
Jacky au Royaume des Filles;2.7
Jacqueline dans ma vitrine;2.7
Jalouse;3.3
Jamais contente;3.2
Jamais entre amis;3.0
Jamais le premier soir;2.1
Janice l'intérimaire;3.2
Janis et John;3.8
Jardins en automne;3.6
Jay & Bob contre-attaquent;2.7
Je Suis À Vous Tout De Suite;3.2
Je crois que je l'aime;3.6
Je déteste les enfants des autres !;2.1
Je fais feu de tout bois;3.0
Je fais le mort;2.9
Je me fais rare;3.3
Je me suis fait tout petit;2.7
Je me tue à le dire;3.4
Je ne suis pas là pour être aimé;4.3
Je préfère qu'on reste amis...;3.3
Je reste !;2.5
Je suis mort mais j'ai des amis;3.3
Je suis supporter du Standard;2.5
Je suis un no man's land;3.0
Je suis à toi;2.9
Je te survivrai;2.3
Je vais te manquer;2.3
Je veux tout;3.1
Je vous aime très beaucoup;2.5
Je voyage seule;3.3
Jean Michel Basquiat - Downtown 81;3.8
Jean-Philippe;3.5
Jennifer's Body;2.7
Jet Set;3.5
Jeune Femme;3.9
Jeux d'enfants;2.9
Jeux de dupes;2.7
John Tucker doit mourir;1.1
Johnny English;3.1
Johnny English, le retour;2.7
Jojo la frite;2.7
Joséphine;3.2
Joséphine s'arrondit;3.2
Joue-la comme Beckham;3.7
Jour J;2.9
Jour blanc;2.3
Joy;3.0
Joyeuse Fête des Mères;3.0
Joyeux bordel !;2.5
Jugatsu;3.9
Jugez-moi coupable;3.3
Julie est amoureuse;4.0
Julie et Julia;2.5
Juno;3.9
Jusqu'à ce que la fin du monde nous sépare;2.9
Jusqu'à toi;2.5
Just married (ou presque);2.8
Juste un baiser;3.5
Juste une fois !;2.6
Kaboom;4.1
Kamikaze girls;2.8
Kate & Leopold;2.8
Kevin & Perry;2.3
Kick-Ass 2;2.0
Kill Me Please;2.4
Kill Your Friends;3.2
Killing Bono;2.7
King Guillaume;2.2
King of California;2.7
Kingsman : Le Cercle d'or;3.1
Kiss & Kill;1.8
Kiss kiss (Bang Bang);2.3
Kiss kiss, bang bang;3.7
Kitchen stories;3.4
Knock;2.4
Krampus;3.0
Kung Fu Nanny;2.0
Kung Fu Panda 3;3.4
L'Abominable vérité;2.5
L'Affaire Marcorelle;3.3
L'Age d'homme... maintenant ou jamais;2.1
L'Agence tous risques;3.2
L'Air de rien;3.6
L'Amour a ses raisons;1.4
L'Amour aux trousses;2.5
L'Amour c'est mieux à deux;2.3
L'Amour de l'or;1.5
L'Amour dure trois ans;3.1
L'Amour extra large;3.0
L'Amour sans préavis;2.9
L'Amour, six pieds sous terre;2.9
L'Américain;2.1
L'An 1 : des débuts difficiles;2.3
L'Anniversaire;2.2
L'Anniversaire de Leïla;3.4
L'Antidote;2.9
L'Apprenti Père Noël;2.9
L'Argent de la vieille;5.0
L'Arnacoeur;4.0
L'Arriviste;3.1
L'Art (délicat) de la séduction;2.5
L'Art d'aimer;3.2
L'Art de la pensée négative;3.7
L'Art de séduire;2.5
L'Artiste;3.6
L'Ascension;3.6
L'Auberge Espagnole;3.6
L'Avion;3.0
L'Ecole des dragueurs;1.6
L'Ecole pour tous;2.0
L'Effet Aquatique;3.9
L'Elève Ducobu;2.1
L'Embarras Du Choix;2.8
L'Emmerdeur;1.6
L'Entente cordiale;1.2
L'Escorte;2.0
L'Etudiante et Monsieur Henri;3.4
L'Eté des poissons volants;3.5
L'Eventail de Lady Windermere;5.0
L'Ex de ma vie;2.5
L'Ex femme de ma vie;3.0
L'Extraterrestre;2.6
L'Homme de ma vie;2.2
L'Homme sans passé;4.8
L'Iceberg;3.9
L'Idéal;2.6
L'Ile de Nim;2.8
L'Incroyable destin de Harold Crick;3.2
L'Incruste, fallait pas le laisser entrer !;2.8
L'Invitation;2.8
L'Irlandais;3.4
L'Italien;3.1
L'Oncle Charles;1.4
L'Oncle de Brooklyn;4.0
L'Orpheline avec en plus un bras en moins;2.1
L'auberge rouge;2.0
L'enquête Corse;3.0
L'un dans l'autre;1.9
L'Âge de glace;4.1
L'Âge de glace : La dérive des continents;3.3
L'Élan;1.8
L'Étrange pouvoir de Norman;3.8
L'Île aux trésors;1.4
L'éveil D'Edoardo;3.1
L'île des Miam-nimaux : Tempête de boulettes géantes 2;2.9
LOL (Laughing Out Loud) ®;3.2
LOL USA;1.5
La Bande des Jotas;1.8
La Bataille géante de boules de neige;2.5
La Beuze;2.7
La Blonde contre-attaque;2.2
La Bostella;3.1
La Boîte;2.3
La Bûche;3.3
La Cage Dorée;3.5
La Cerise sur le gâteau;2.1
La Chance de ma vie;3.1
La Cigale, le corbeau et les poulets;3.0
La Clinique de l'amour !;3.4
La Cloche a sonné;2.5
La Coccinelle revient;2.7
La Colle;1.9
La Corne d'abondance;3.2
La Coupe;3.9
La Différence, c'est que c'est pas pareil;2.6
La Dilettante;3.4
La Dream Team;2.8
La Débandade;2.9
La Délicatesse;2.5
La Fabuleuse Gilly Hopkins;2.7
La Famille Bélier;3.7
La Famille Foldingue;2.8
La Famille Jones;2.7
La Famille Tenenbaum;3.6
La Femme invisible;2.9
La Ferme en folie;2.9
La Ferme, une comedie bio;2.1
La Fiancée de Chucky;3.0
La Fine équipe;3.2
La Folle Histoire de Max et Léon;3.2
La Folle histoire d'amour de Simon Eskenazy;2.6
La Fée;3.6
La Fête des voisins;1.2
La Grande Bellezza;3.4
La Grande aventure de Maya l'abeille;3.0
La Grande boucle;2.4
La Grande course au fromage;3.4
La Grande finale;2.7
La Grande vie;2.8
La Guerre des miss;1.7
La Gueule que tu mérites;2.9
La Jouissance des hysteriques;2.4
La Jungle;2.4
La Loi de Murphy;1.8
La Loi de la jungle;3.6
La Légende de Despereaux;2.8
La Légende de Kaspar Hauser;2.5
La Légende de Manolo;3.6
La Main au collier;2.6
La Maison du bonheur;2.9
La Merveilleuse odyssée de l'idiot toboggan;2.6
La Moitie Gauche du Frigo;3.6
La Morsure du lézard;3.0
La Mujer Sin Piano;3.5
La Muse;2.9
La Nana (la bonne);3.6
La Nostra Vita;3.0
La Nouvelle Eve;3.9
La Nouvelle guerre des boutons;2.4
La Nouvelle vie de Paul Sneijder;3.7
La Nuit au musée;3.0
La Nuit au musée 2;3.0
La Nuit au musée : Le Secret des Pharaons;2.8
La Panthère Rose;2.3
La Panthère Rose 2;2.5
La Parade;2.6
La Patinoire;3.8
La Peau de Bax;3.5
La Personne aux deux personnes;3.0
La Planque;2.3
La Plus belle victoire;2.8
La Première fois que j'ai eu 20 ans;3.0
La Première étoile;3.1
La Proposition;2.5
La Prunelle de mes yeux;2.2
La Revanche d'une blonde;3.3
La Ritournelle;3.4
La Rumeur court...;2.4
La Rupture;2.1
La Science des rêves;3.9
La Secrétaire;3.7
La Stratégie de la poussette;1.9
La Tentation de Jessica;3.6
La Tour 2 Contrôle Infernale;3.1
La Tour Montparnasse infernale;2.9
La Traversée du temps;3.8
La Très très grande entreprise;3.3
La Tête ailleurs;3.0
La Tête en friche;3.1
La Vache et le Président;3.3
La Valse des gros derrières;3.0
La Vie aquatique;3.8
La Vie d'artiste;2.9
La Vie de Michel Muller est plus belle que la vôtre;2.4
La Vie est belle;3.5
La Vie est à Nous!;2.4
La Vie peu ordinaire de Dona Linhares;4.0
La Vierge, les Coptes et Moi;3.5
La Ville fantôme;2.9
La Visite de la fanfare;3.9
La Vraie vie des profs;2.4
La Vénus à la fourrure;4.1
La Véritable histoire du petit chaperon rouge;3.3
La Vérité si je mens ! 2;3.7
La Vérité si je mens ! 3;2.2
La Vérité sur Charlie;2.6
La confiance règne;2.9
La doublure;2.4
La fille du 14 juillet;3.8
La prima cosa bella;3.0
La vache;3.3
La venta del paraíso;2.0
Lady Vegas -  Les Mémoires d'une joueuse;1.7
Ladykillers;3.2
Laisse tes mains sur mes hanches;3.6
Laissons Lucie faire;3.4
Last Kiss;2.4
Last Life in the Universe;3.9
Last Night;3.6
Last Vegas;2.4
Le 51e Etat;2.6
Le Bal des actrices;4.0
Le Battement d'ailes du papillon;3.2
Le Birdwatcher;2.7
Le Bison (et sa voisine Dorine);3.1
Le Bon numéro;2.8
Le Bon, la brute et le cinglé;3.9
Le Boulet;3.2
Le Brio;3.5
Le Cactus;2.6
Le Carton;3.1
Le Casse de Central Park;2.8
Le Caïman;4.3
Le Celibataire;2.8
Le Challat de Tunis;3.9
Le Chasseur de primes;2.1
Le Chat Potté;3.0
Le Chat chapeauté;2.3
Le Chevalier black;2.1
Le Chien du jardinier;2.6
Le Chocolat;2.3
Le Coach;2.8
Le Coeur des hommes 3;1.8
Le Coeur en braille;2.5
Le Coeur à l'ouvrage;2.5
Le Come-back;3.0
Le Concours de danse;3.3
Le Costard;3.0
Le Couperet;4.3
Le Coût de la Vie;3.4
Le Crime est notre affaire;3.9
Le Crime farpait;3.8
Le Crocodile du Botswanga;3.4
Le Créateur;3.4
Le Cygne du destin;2.5
Le Dernier pub avant la fin du monde;3.2
Le Dernier week-end;2.0
Le Derrière;3.5
Le Diable s'habille en Prada;3.2
Le Diable à quatre;2.9
Le Dictateur;5.0
Le Dilemme;1.5
Le Direktør;3.6
Le Divorce;2.6
Le Défi;3.1
Le Déjeuner du 15 août;3.8
Le Démon de midi;2.5
Le Détonateur;3.0
Le Fabuleux destin d'Amélie Poulain;4.3
Le Fantôme De Canterville;2.8
Le Fataliste;2.8
Le Fils du Mask;2.1
Le Furet;2.9
Le Gourou et les femmes;2.5
Le Grand Galop;3.2
Le Grand Méchant Loup;3.5
Le Grand Partage;2.0
Le Grand appartement;3.2
Le Grand soir;3.7
Le Grimoire d'Arkandias;2.7
Le Grinch;3.0
Le Jour d'après;4.1
Le Journal de Bridget Jones;3.8
Le Libertin;2.3
Le Lorax;2.9
Le Mac;3.1
Le Magasin des suicides;3.1
Le Manoir hanté et les 999 fantômes;2.0
Le Mariage à trois;3.4
Le Marquis;2.5
Le Mexicain;2.4
Le Monde (presque) perdu;2.6
Le Monde de Dory;3.5
Le Monde de Fred;2.8
Le Monde secret des Emojis;1.8
Le Mytho - Just Go With It;1.8
Le Mécano de la Générale;5.0
Le Nom des gens;3.7
Le Nouveau stagiaire;2.9
Le Parfum de la dame en noir;3.5
Le Petit Nicolas;2.8
Le Petit Spirou;2.8
Le Petit locataire;3.4
Le Petit monde de Charlotte;2.9
Le Petit vampire;2.9
Le Placard;3.6
Le Plaisir de chanter;3.8
Le Plein de super;4.2
Le Premier qui l'a dit;2.4
Le Prince du Pacifique;2.8
Le Prix à payer;2.2
Le Prochain Film;3.2
Le Prof;2.5
Le Prénom;3.2
Le Père Noël;3.1
Le Raid;2.2
Le Redoutable;3.5
Le Retour de Cagliostro;3.8
Le Roi du Curling;2.6
Le Royaume des Rapiats;3.0
Le Ruisseau, le pré vert et le doux visage;3.8
Le Rôle de sa vie;3.6
Le Schpountz;2.7
Le Secret des banquises;3.0
Le Sens de la fête;3.7
Le Siffleur;2.3
Le Skylab;3.2
Le Smoking;2.9
Le Soleil au-dessus des nuages;3.4
Le Songe d'une nuit d'été;2.9
Le Sortilège du scorpion de Jade;3.7
Le Souffleur;2.3
Le Séminaire;3.0
Le Talent De Mes Amis;2.7
Le Tao de Steve;2.5
Le Temps de la kermesse est terminé;2.9
Le Terminal;3.3
Le Tigre et la neige;3.0
Le Tour du monde en 80 jours;3.1
Le Tout Nouveau Testament;3.2
Le Trésor;3.8
Le Témoin amoureux;2.4
Le Vieux qui ne voulait pas fêter son anniversaire;2.8
Le Vilain;3.5
Le Voyage d'Arlo;3.3
Le Vélo de Ghislain Lambert;2.8
Le ciel, les oiseaux et... ta mère !;3.2
Le cochon de Gaza;3.5
Le fils de l'épicier;3.6
Le fils du Français;2.6
Le goût des merveilles;3.6
Le monde de Nathan;3.1
Le nouveau Jean-Claude;2.5
Le plus beau jour de ma vie;3.2
Le rôle de ma vie;3.3
Le sens des affaires;3.1
Les 11 commandements;2.8
Les 3 p'tits cochons;2.7
Les 9 vies de Tomas Katz;3.1
Les Adversaires;2.8
Les Aiguilleurs;2.9
Les Amants passagers;3.0
Les Amateurs;3.0
Les Ambitieux;3.2
Les Araignées de la nuit;3.3
Les Aristos;1.5
Les As de la Jungle;3.1
Les Aventures de Mister Deeds;2.5
Les Aventures de Philibert, capitaine puceau;2.2
Les Aventures de Rocky et Bullwinkle;2.3
Les Aventures de Tigrou;3.8
Les Aventures de Tsatsiki;3.7
Les Barons;3.5
Les Beaux Gosses;4.3
Les Bienfaits de la colère;3.5
Les Boloss;2.6
Les Bouchers verts;3.3
Les Bronzés 3 amis pour la vie;2.7
Les Bêtises;3.0
Les Cerveaux;2.3
Les Chansons populaires;2.5
Les Chimpanzés de l'espace;2.1
Les Chèvres du Pentagone;3.1
Les Clefs de bagnole;3.2
Les Combattants;4.1
Les Conquérantes;3.3
Les Conquérants;3.3
Les Coquillettes;2.9
Les Couilles de l'éléphant;3.0
Les Croods;3.8
Les Dalton;2.7
Les Dents de la nuit;2.7
Les Derniers jours du disco;3.3
Les Deux amis;3.6
Les Deux mondes;2.7
Les Délices de Tokyo;3.9
Les Désastreuses aventures des orphelins Baudelaire;3.8
Les Emotifs anonymes;3.4
Les Enfants;3.2
Les Ex;2.2
Les Femmes de ses rêves;3.3
Les Femmes du 6e étage;3.4
Les Filles au Moyen Âge;3.7
Les Filles, personne s'en méfie;2.3
Les Flingueuses;2.3
Les Francis;3.2
Les Frères Soeur;3.1
Les Fugueurs;2.3
Les Gamins;3.2
Les Gaous;2.5
Les Gardiens de la Galaxie 2;3.4
Les Garçons et Guillaume, à table !;3.9
Les Gazelles;3.4
Les Gens en maillot de bain ne sont pas (forcément) superficiels;2.7
Les Gens honnêtes vivent en France;2.2
Les Gorilles;2.0
Les Grandes Ondes (à l'ouest);3.4
Les Grandes bouches;2.8
Les Grands frères;3.2
Les Géants;3.2
Les Hommes ! De quoi parlent-ils ?;1.9
Les Indestructibles;4.5
Les Infidèles;3.0
Les Invincibles;2.1
Les Invités de mon père;3.6
Les Joies de la famille;2.6
Les Kaïra;3.3
Les Looney Tunes passent à l'action;3.6
Les Malheurs de Sophie;3.4
Les Mauvaises herbes;3.3
Les Meilleurs amis du Monde;2.5
Les Miller, une famille en herbe;2.9
Les Mondes de Ralph;3.3
Les Moomins sur la Riviera;3.5
Les Mutants de l'espace;4.1
Les Mythos;2.4
Les Nouveaux Héros;3.8
Les Nouveaux sauvages;3.5
Les Nouvelles Aventures D'Aladin;2.8
Les Papas du dimanche;2.0
Les Parisiens;2.5
Les Parrains;3.1
Les Percutés;2.7
Les Petites fleurs rouges;3.4
Les Petits ruisseaux;3.6
Les Pieds sur terre;2.3
Les Pierrafeu à Rock Vegas;2.3
Les Pingouins de Madagascar;3.2
Les Pingouins à la rescousse;3.0
Les Portes de la gloire;3.2
Les Poupées russes;3.8
Les Premiers, les Derniers;3.8
Les Profs 2;2.3
Les Randonneurs à Saint-Tropez;2.2
Les Rayures du zèbre;3.3
Les Rebelles de la forêt;2.4
Les Reines du ring;2.5
Les Rois de la glisse;3.2
Les Rois du patin;3.3
Les Rues de Pantin;3.3
Les Saignantes;2.7
Les Saphirs;2.9
Les Saveurs du palais;3.2
Les Schtroumpfs;2.6
Les Schtroumpfs et le village perdu;2.7
Les Seigneurs;2.6
Les Sorcières de Zugarramurdi;2.9
Les Souvenirs;3.5
Les Stagiaires;2.1
Les Temps modernes;4.6
Les Triplettes de Belleville;4.5
Les Trois frères, le retour;1.8
Les Tuche;2.3
Les Tuche 2 - Le rêve américain;2.8
Les Têtes de l'emploi;2.8
Les Vacances de Mr. Bean;2.4
Les Vacances du Petit Nicolas;2.9
Les Visiteurs - La Révolution;2.0
Les Visiteurs en Amérique;3.0
Les Voyages de Gulliver;1.7
Les Winners;3.0
Les acteurs;3.3
Les drôles de poissons-chats;3.4
Les rois mages;2.8
Les soeurs fâchées;3.7
Les tribulations d'une caissière;2.3
Les âmes de papier;2.6
Let My People Go!;2.5
Leçons d'amour à l'Italienne;3.2
Liberté-Oléron;3.4
Libre et assoupi;2.7
Lila Lili;4.1
Lilo & Stitch;3.7
Liste d'attente;3.5
Listen Up Philip;3.2
Little Capone;1.2
Little Manhattan;2.5
Little Miss Sunshine;4.3
Little Nicky;2.4
Livraison à domicile;2.1
Logan Lucky;3.7
Loggerheads;3.3
Lolita malgré moi;2.9
Lolo;3.2
Looking for Eric;4.2
Lost killers;3.4
Lou ! Journal infime;2.2
Loue-moi !;2.7
Louise-Michel;3.7
Love & Friendship;3.9
Love & Sex;3.2
Love (et ses petits désastres);2.7
Love Actually;3.0
Love Gourou;1.8
Love is all you need;2.9
Love, et autres drogues;2.2
Low Cost;2.0
Lucas, fourmi malgré lui;2.9
Lucky Break;2.5
Lucky Luke;2.5
Lucky girl;1.2
Lullaby;1.9
Luna e l'altra;3.2
Luna papa;3.9
L’ Interview qui tue !;2.1
L’autre côté de l’espoir;4.3
M. Popper et ses pingouins;2.5
MIIB;3.1
Ma bonne étoile;2.3
Ma caméra et moi;3.1
Ma femme est une actrice;3.8
Ma femme... s'appelle Maurice;2.2
Ma meilleure amie, sa soeur et moi;2.8
Ma meilleure ennemie;3.1
Ma mère préfère les femmes (surtout les jeunes...);3.2
Ma petite entreprise;4.1
Ma sorcière bien-aimée;2.9
Ma super ex;2.7
Ma vie de chat;2.2
Ma vie en l'air;3.5
Ma vie n'est pas une comédie romantique;2.5
Macadam Baby;3.1
Mad Money;2.8
Madagascar;3.6
Madagascar 3, Bons Baisers D’Europe;3.0
Madame;2.8
Madame Brouette;3.5
Madame Edouard;2.7
Madame Irma;2.0
Made in Hong Kong;3.7
Made in Italy;1.9
Mademoiselle;3.8
Mafia Blues;3.6
Mafia Blues 2 - la rechute;3.0
Mafia parano;2.7
Maggie a un plan;3.2
Magic Mike;3.4
Magic baskets;3.2
Magic in the Moonlight;3.9
Mais qui a re-tué Pamela Rose ?;3.2
Mais qui a tue Tano?;3.0
Mais qui a tué Mona ?;2.1
Mais qui a tué Pamela Rose ?;2.8
Malavita;2.3
Malcolm;2.4
Mambo Italiano;2.8
Mammuth;3.7
Marche et rêve ! Les homards de l'utopie;3.1
Marguerite;4.0
Mariage chez les Bodin's;2.9
Mariage et conséquences;2.6
Mariage mixte;2.3
Mariage à l'Islandaise;2.4
Mariage à l'anglaise;3.3
Mariage à l'iranienne;2.5
Mariage à la grecque;3.1
Mariages !;2.4
Marie et les naufragés;3.4
Marie-Francine;3.1
Mariées mais pas trop;2.1
Marley & moi;2.6
Mars à table !;2.8
Marseille;2.6
Mary et Max.;4.3
Mary à tout prix;4.0
Mascarades;3.5
Match retour;2.1
Mauvais esprit;2.1
Mauvaise foi;3.5
Max;2.3
Max la menace;3.0
May In The Summer;3.2
Maybe Baby ou Comment les Anglais se reproduisent;2.8
Medianeras;2.9
Megamind;3.1
Meilleur Espoir Feminin;3.7
Meilleures ennemies;1.9
Melaza;3.3
Melinda et Melinda;2.9
Men In Black III;3.2
Mensonges et trahisons et plus si affinités...;3.6
Merci Docteur Rey;2.4
Mercredi, folle journée !;3.8
Mes Héros;2.4
Mes amis;2.3
Mes amis, mes amours;1.8
Mes chers voisins;3.6
Mes copines;1.8
Mes meilleures amies;3.8
Mes stars et moi;1.8
Mes voisins les Yamada;4.2
Mi$e à prix;3.1
Mi-temps au mitard;2.8
Mia Madre;4.3
Mickey les yeux bleus;2.9
Micmacs à tire-larigot;3.0
Microbe et Gasoil;4.0
Mille Mots;1.4
Mille millièmes, fantaisie immobilière;2.7
Mince alors !;2.5
Minuit à Paris;4.2
Miss Détective;2.8
Miss FBI : divinement armée;2.5
Miss Montigny;2.8
Miss Pettigrew;3.0
Mission 3D Spy kids 3;2.7
Mistress America;3.1
Mobile Home;3.5
Modern Love;2.2
Moi César, 10 ans 1/2, 1,39 m;3.3
Moi qui ai servi le roi d'Angleterre;3.5
Moi, Michel G, Milliardaire, Maître du monde;3.2
Moi, Moche et Méchant 3;2.8
Moi, député;3.1
Moi, moche et méchant 2;3.6
Molière;3.0
Mon Führer;2.2
Mon ange;3.3
Mon babysitter;1.5
Mon beau-père et moi;3.4
Mon beau-père et nous;2.3
Mon beau-père, mes parents et moi;3.1
Mon boss, sa fille et moi;2.2
Mon espion préféré;1.4
Mon frère est fils unique;3.5
Mon frère se marie;3.5
Mon meilleur ami;3.0
Mon petit doigt m'a dit;4.0
Mon pire cauchemar;3.0
Mon père va me tuer;3.0
Mon père, ma mère, mes frères et mes soeurs...;2.4
Mon voisin le tueur;2.7
Mon voisin le tueur 2;2.3
Monday;2.4
Monique;3.2
Monsieur Papa;2.5
Monsieur Schmidt;3.2
Monsieur Woodcock;2.1
Monster House;3.4
Monstres & Cie;4.5
Monstres Academy;3.5
Monty Python, la vie de Brian;3.7
Monty Python, sacré Graal;4.3
Moonrise Kingdom;3.7
Moonwalkers;2.9
Morceaux choisis;2.5
Mords-moi sans hésitation;1.5
Mr. & Mrs. Smith;3.0
Mr. Accident;2.5
Mumu;2.8
Musée haut, musée bas;3.1
My Best Men;2.6
My Movie Project;2.0
My Old Lady;3.5
Mystery Men;2.6
Même pas mal ! (Dodgeball);3.4
Nanny McPhee;3.4
Nanny McPhee et le Big Bang;2.5
Napoléon (et moi);1.9
Narco;3.2
Natür Therapy;3.5
Ne quittez pas !;3.3
Nebraska;3.3
Neuilly sa mère !;2.7
New York taxi;2.1
New York-Miami;4.7
Newcastle Boys;2.5
Nha fala;3.0
Ni à vendre, ni à louer;3.1
Nicostratos le pélican;3.0
Nicotina;2.7
Night Watch;2.9
Night and Day;2.9
No Ordinary Love;2.4
No Pain No Gain;3.1
No Pasaran;2.5
Nola Circus;1.8
Norbit;1.8
Norm;2.1
Nos 18 ans;2.4
Nos amis les flics;2.9
Nos femmes;2.0
Nos jours heureux;3.4
Nos pires voisins;2.2
Nos pires voisins 2;2.5
Nos plus belles vacances;1.8
Nos voisins, les hommes;3.3
Not in Tel-Aviv;2.6
Nothing;3.3
Notre univers impitoyable;2.9
Nous York;2.3
Nouveau Départ;3.0
Nouvelle chance;3.6
Number One;2.6
O'Brother;4.0
OSS 117 : Rio ne répond plus;4.1
OSS 117, Le Caire nid d'espions;3.9
Obscénité et vertu;2.5
Obvious Child;3.0
Ocean's 13;2.4
Ocean's Eleven;4.1
Ocean's Twelve;3.8
Océane;3.1
Odette Toulemonde;2.0
Office;3.1
Oh Boy;3.2
Oh My God !;2.5
Old school;2.4
Olé !;2.8
On a failli être amies;3.5
On fait comme on a dit;2.1
On l’appelle Jeeg Robot;3.3
On ne choisit pas sa famille;1.2
On va s'aimer;2.5
Oncle Boonmee (celui qui se souvient de ses vies antérieures);3.7
One dollar curry;2.6
Opération Casse-noisette;2.6
Ordinary Decent Criminal;2.6
Orgueil et préjugés;3.8
Origine contrôlée;3.1
Osmose;3.0
Osmosis Jones;3.2
Ouf;2.9
Out of Time;2.8
Où avais-je la tête ?;2.1
Où gît votre sourire enfoui ?;3.6
Où sont passés les Morgan ?;3.0
Paddington;4.0
Paddington 2;4.0
Pain, Tulipes et Comédie;3.3
Palace;3.2
Palace pour chiens;2.0
Palais Royal!;3.9
Palerme;3.1
Panique au village;4.0
Papa Ou maman 2;3.3
Papa ou maman;3.6
Par suite d'un arrêt de travail...;2.8
Parasol;2.2
Parenthèse;2.8
Parfum de printemps;3.0
Paris Manhattan;2.2
Paris of the North;2.8
Paris pieds nus;3.0
Paris à tout prix;2.8
Parle avec elle;4.7
Parlez-moi de la pluie;3.3
Partagerait bonheur...;2.8
Pas de repos pour les braves;3.3
Pas si simple;2.8
Pas son genre;3.5
Pas sur la bouche;4.2
Pas très normales activités;2.4
Passe-passe;2.8
Paterson;4.1
Patients;3.8
Pattaya;3.0
Paul;2.9
Paulette;2.6
Pauline détective;3.0
Peace, Love et plus si affinités;2.0
Peau de cochon;3.7
Pecker;3.8
Peindre ou faire l'amour;3.8
Peines d'amour perdues;3.7
Personal Affairs;3.2
Personne n'est parfait(e);2.5
Peter et Elliott le dragon;3.3
Petites Misères;3.3
Petites confidences (à ma psy);3.0
Petits meurtres à l'Anglaise;3.1
Peut-être;3.1
Ping Pong Summer;3.0
Pinocchio et Gepetto;2.6
Pirates des Caraïbes : la Fontaine de Jouvence;2.5
Pitch Perfect 2;2.5
Pixels;3.2
Pièce montée;2.8
Plan de table;1.9
Planes 2;3.2
Playboy à saisir;2.0
Ploddy - La voiture électrique mène l'enquête;2.6
Pluto Nash;2.4
Podium;3.3
Polly et moi;2.4
Poltergay;2.4
Pompoko;4.4
Pop Redemption;2.6
Populaire;3.8
Potiche;3.9
Potins mondains et amnésies partielles;2.2
Pour le meilleur et pour le rire;2.2
Pour le plaisir;2.6
Pour un garçon;3.7
Pourquoi Tu Pleures ?;3.4
Pourquoi j'ai pas mangé mon père;3.1
Pourquoi pas moi?;3.5
Première sortie;3.2
Pride;3.7
Princesse malgré elle;2.0
Prison à domicile;2.3
Problemos;3.3
Projet X;3.0
Promets-moi;2.8
Protéger et servir;1.7
Présentateur vedette : la légende de Ron Burgundy;3.5
Prêt à tout;2.2
Prête-moi ta main;3.3
Psycho Beach Party;2.6
Puccini et moi;2.3
Punch-drunk love - Ivre d'amour;4.0
Pur week-end;2.2
Père Noël Origines;3.3
Père et fille;2.8
Pédale dure;2.2
Qu'est-ce qu'on a fait au Bon Dieu?;3.8
Quai d'Orsay;3.4
Quand Chuck rencontre Larry;1.9
Quand je serai star;2.9
Quand la mer monte;4.2
Quand les anges s'en mêlent...;1.8
Quand on sera grand;3.6
Quartet;3.6
Quartier VIP;2.1
Quasimodo d'El Paris;3.2
Quatre étoiles;3.3
Queen Size Bed;2.4
Queen of Montreuil;3.8
Queenie in Love;3.2
Quelques kilos de dattes pour un enterrement;3.1
Question de coeur;2.7
Qui a envie d'être aimé ?;2.8
Qui a peur de Vagina Wolf ?;2.7
Qui c'est les plus forts ?;3.0
Qui m'aime me suive;3.0
Qui perd gagne!;2.7
RAID Dingue;2.8
RRRrrrr !!!;2.6
RTT;2.2
Raccroche !;2.6
Radin!;2.8
Radio sexo latino, le blagueur sentimental;3.1
Radiostars;3.6
Randonneurs Amateurs;2.1
Ratatouille;4.5
Raymond;1.6
Reality;2.8
Realmovie;2.4
Rebelle;3.5
Recherche bad boys désespérément;1.6
Red;2.8
Red 2;2.7
Reefer Madness: The Movie Musical;3.0
Refroidis;3.3
Reinas;2.3
Rencontres à Elizabethtown;3.2
Rendez-vous l'été prochain;2.7
Retour chez ma mère;2.9
Rhum Express;2.4
Rien que du bonheur;2.4
Rien que pour vos cheveux;3.1
Rien à déclarer;2.2
Rio 2;3.6
Rire et châtiment;3.4
Road Trip;3.1
Robert Mitchum est mort;3.1
Robin des bois, la véritable histoire;2.3
Robot and Frank;3.4
Rock Academy;3.4
Rock'N'Love;2.8
Rock'n Roll;3.3
Romaine par moins 30;3.1
Romeos;3.0
Room to rent;3.0
Rosalie Blum;3.6
Rose & noir;1.8
Roues Libres;3.5
Rouge à lèvres et arme à feu;2.9
Rubber;3.2
Rue Mandar;3.3
Rumba;4.0
Rupture pour tous;2.6
Rush Hour;3.4
Rush Hour 2;3.2
Rush Hour 3;1.8
Rushmore;3.6
Réalité;3.6
Régina !;3.1
S.O.S. Fantômes;2.6
SMS;2.4
Sa Majesté Minor;2.1
Sa mère ou moi !;2.5
Safari;2.6
Saint Amour;3.4
Saint-Jacques... La Mecque;2.5
Sale môme;2.9
Sales Gosses;2.6
Samba;3.6
San Antonio;2.3
Sans arme, ni haine, ni violence;3.0
Sans nouvelles de Dieu;2.5
Sans plus attendre;2.2
Sans queue ni tête;2.2
Santa & Cie;3.7
Sausage Party;3.5
Saved!;3.5
Saving Grace;3.0
Saya Zamurai;3.3
Scary Movie;3.3
Scary Movie 2;3.0
Scary Movie 3;3.1
Scary Movie 4;2.4
Scialla!;2.8
Scooby-Doo;2.7
Scooby-Doo 2 : les monstres se déchaînent;3.0
Scoop;3.7
Scott Pilgrim;3.4
Sea, No Sex and Sun;2.2
Secrets de famille;2.9
Self Control;2.6
Semi-Pro;2.7
Sempre vivu ! (Qui a dit que nous étions morts ?);3.0
Serial noceurs;3.2
Seuls Two;3.5
Sex Friends;2.3
Sex Tape;2.2
Sex academy;3.0
Sex and the City - le film;2.8
Sex and the City 2;2.5
Sex fans des sixties;3.4
Sexe entre amis;2.5
Sexes très opposés;2.8
Sexo por compasión;2.9
Sexy boys;2.3
Sexy movie;1.4
Shall we dance ? La Nouvelle vie de Monsieur Clark;2.2
Shanghaï kid;3.2
Shanghaï kid II;3.1
Shaolin Basket;1.9
Shaolin Soccer;3.8
Shapito Show - Partie 1;3.2
Shapito Show - Partie 2;3.2
Shaun le mouton;4.3
Shaun of the Dead;3.9
She Hate Me;2.8
Shelter;3.3
Shimkent hotel;2.6
Shopping de nuit;2.7
Shortbus;4.1
Showtime;2.7
Shrek;4.3
Shrek 2;4.1
Shrek 4, il était une fin;3.2
Shrek le troisième;3.2
Shérif fais-moi peur, le film;2.3
Si c'était lui...;2.2
Si j'étais un homme;3.2
Si seulement...;2.0
Si tu meurs, je te tue;3.8
Siam Sunset;2.8
Simon Konianski;2.8
Simone;3.8
Singularités d'une jeune fille blonde;3.7
Sisters;2.5
Situation amoureuse : C'est compliqué;3.0
Slackers;2.3
Slevin;2.9
Slumdog Millionaire;3.5
Smart People;2.3
Smiley Face;2.9
Snatch;3.7
Snow Therapy;3.5
Snow, sex & sun;2.1
Solange et les vivants;2.2
Somebody Up There Likes Me;3.0
Somers Town;3.4
Soul Kitchen;3.7
Souris City;3.1
Sous Les Jupes Des Filles;2.3
Sous le figuier;2.5
Sous le même toit;2.8
South Park, le film;3.8
Soyez sympas, rembobinez;3.8
Spanglish;2.7
Spinal Tap;3.8
Spoof movie;2.3
Spy;3.0
Spy Kids;3.4
Spy kids 2 - espions en herbe;3.7
Sri Lanka National Handball Team;3.1
Stalag 17;3.7
Starbuck;3.4
Stars 80;2.2
Stars 80, la suite;1.7
Starsky et Hutch;2.9
Steak;2.4
Stick It;2.0
Street dancers;2.6
Struck;2.6
Stuart Little;3.2
Stuart Little 2;3.5
Sugar Town;2.9
Sumô;2.8
Sunshine Cleaning;3.5
Super Héros Movie;1.9
Super Nacho;2.8
Super Papa;2.5
Super blonde;2.0
SuperGrave;3.0
Supercondriaque;2.4
Sur la piste du Marsupilami;3.8
Sur quel pied danser;3.3
Sur un air d'autoroute;2.7
Suzanne;2.8
Swamp!;3.2
Séduction en mode mineur;3.2
Séduction à l'irlandaise;3.0
Séquences et conséquences;3.4
T.I.C. (Trouble involontaire convulsif);3.2
T2 Trainspotting;3.1
Tad l'explorateur : A la recherche de la Cité perdue;3.0
Tai chi master;3.9
Tais-toi !;2.8
Tamara Drewe;4.0
Tangerine;3.6
Tanguy;3.7
Tante Hilda !;2.8
Target;1.8
Taxi 2;2.8
Taxi 3;2.8
Taxi 4;2.2
Taxi Téhéran;4.3
Team America police du monde;3.4
Ted;3.6
Ted 2;2.8
Teeth;3.2
Tel père, telle fille;2.9
Telle Mère, Telle Fille;3.0
Tellement proches;3.3
Tellement proches !;3.1
Tempête de boulettes géantes;3.4
Terrain d'entente;2.9
Terri;3.3
Thank you for smoking;3.7
The Anniversary Party;3.1
The Artist;4.1
The Big Short : le Casse du siècle;3.5
The Boyfriend - Pourquoi lui ?;1.9
The Brooklyn Brothers;3.1
The Chateau;2.9
The Color Wheel;3.1
The Dictator;2.8
The Dish;3.6
The Double;2.8
The Fighting Temptations;2.6
The Good Girl;2.9
The Grand Budapest Hotel;4.5
The Green Hornet;3.5
The Hit Girls;2.5
The Holiday;2.4
The Informant !;3.0
The Invention of Lying;3.0
The Last: Naruto the Movie;2.6
The Matador - même les tueurs ont besoin d'amis;2.8
The Meyerowitz Stories (New and Selected);3.3
The Nice Guys;3.7
The Party;3.0
The Spectacular Now;3.2
The Theory of Love;1.8
The Trip;2.9
The Voices;3.4
The Waterboy;2.7
The Way, La route ensemble;2.8
The Women;1.8
The Yes Men;3.8
Thelma, Louise et Chantal;2.5
This is not a love story;3.8
Thérapie de couples;1.5
Tickets;2.8
Tiens-toi droite;2.2
Time's up!;3.3
Tip Top;3.1
Titeuf, le film (3D);3.4
To Rome with Love;2.5
Toi et moi... et Duprée;1.9
Tokyo Fiancée;3.1
Toni Erdmann;4.3
Tonnerre sous les Tropiques;3.6
Top Cops;1.7
Top chronos;2.3
Torpédo;3.1
Torremolinos 73;3.8
Torrente, el brazo tonto de la ley;3.0
Tortilla Soup;2.9
Totally Spies ! Le film;2.7
Toto qui vécut deux fois;3.6
Touristes;3.4
Tournage dans un jardin anglais;4.0
Tournée;4.4
Tous en scène;3.6
Tous les espoirs sont permis;2.1
Tous les soleils;2.9
Tout ce qui brille;3.8
Tout le plaisir est pour moi;2.7
Tout mais pas ça !;3.2
Tout peut arriver;2.9
Tout pour l'oseille;2.7
Tout pour plaire;3.4
Tout pour être heureux;3.8
Tout... sauf en famille;2.2
Toute l'histoire de mes échecs sexuels;3.3
Toute première fois;3.1
Toutes les filles sont folles;3.0
Toy Boy;2.6
Toy Story 2;4.3
Toy Story 3;4.7
Trafic d'influence;2.5
Trafico;3.2
Transamerica;3.6
Travaux;4.2
Treize à la douzaine;2.4
Tricheuse;1.9
Triple alliance;2.7
Trois petites filles;2.9
Trois soeurs;3.1
Trop belle !;2.6
Trop loin pour toi;3.3
Trop, c'est trop !;2.3
Trésor;2.2
Tu dors Nicole;3.7
Tu honoreras ta mère et ta mère;2.9
Tu peux garder un secret ?;1.6
Tu seras un homme;2.8
Tu vas rire mais je te quitte;2.9
Tu veux ou tu veux pas;2.0
Tucker & Dale fightent le mal;3.7
Tulpan;3.8
Turbo;3.2
Turf;1.9
Turn me on;2.7
Two Hundred Thousand Dirty;2.6
Télé Gaucho;2.8
Tôt ou tard;2.9
Umrika;3.3
Un + une;3.4
Un Aller simple;2.7
Un Beau Soleil Intérieur;3.5
Un Bonheur n'arrive jamais seul;2.4
Un Couple épatant;4.1
Un De trop;3.3
Un Grand Mariage;1.4
Un Homme à femmes;2.4
Un Jour mon Prince;2.5
Un Mariage trop parfait;2.4
Un Noël de folie !;2.0
Un Petit Boulot;3.5
Un Plan Parfait;2.6
Un Profil Pour Deux;3.0
Un Rêve tchèque;3.7
Un Soupçon de rose;2.7
Un Taxi pour trois;3.9
Un Vent de folie;2.8
Un Village presque parfait;2.1
Un Vrai bonheur;2.6
Un amour à New York;3.2
Un baiser s'il vous plaît;3.9
Un chic type;2.9
Un crime au paradis;2.9
Un enfant pas comme les autres;2.6
Un fil à la patte;3.4
Un homme à la hauteur;2.8
Un jour mon père viendra;2.5
Un jour, peut-être;3.0
Un mari de trop;2.3
Un mari idéal;3.3
Un mariage de rêve;3.4
Un mois en Thaïlande;3.2
Un moment d'égarement;2.6
Un monstre à Paris;3.4
Un pas en avant - les dessous de la corruption;2.5
Un petit jeu sans conséquence;3.0
Un peu, beaucoup, aveuglément;3.4
Un prof pas comme les autres;2.4
Un ticket pour l'espace;3.3
Un été à Osage County;2.9
Une Affaire de coeur;3.3
Une Chance pour Miguel;3.6
Une Famille à Louer;2.6
Une Journée à New York;2.3
Une belle fin;3.7
Une chanson pour ma mère;1.9
Une famille très moderne;1.9
Une fiancée pas comme les autres;3.1
Une grande année;1.8
Une heure de tranquillité;2.9
Une nuit à New York;3.1
Une petite zone de turbulences;2.9
Une pour toutes;3.0
Une pure affaire;3.3
Une semaine et un jour;3.4
Une semaine sur deux (et la moitié des vacances scolaires);2.4
Une vie à deux;2.5
Une éducation norvégienne;2.8
Ushpizin;2.9
Valentin Valentin;3.0
Valentine's Day;2.5
Vampires;2.6
Vers la révolution en 2CV;3.3
Vert Paradis;3.3
Vertiges de l'amour;2.9
Very Bad Cops;3.3
Very Bad Things;2.9
Very Bad Trip;3.7
Very Bad Trip 2;2.3
Very Bad Trip 3;2.3
Very Cold Trip;2.7
Vice Versa;4.7
Vicky;2.6
Vicky Cristina Barcelona;3.9
Victoire;2.6
Victor;2.4
Vieilles Canailles;3.5
Vilaine;2.4
Virgil;3.1
Viva La Libertà;3.2
Vive la France;1.8
Vive la crise !;2.7
Vive la vie;2.3
Vive les vacances;2.3
Vive nous !;2.2
Voisins du troisième type;2.6
Voisins, voisines;3.5
Volt, star malgré lui;3.9
Votre majesté;1.9
Vous allez rencontrer un bel et sombre inconnu;3.5
Voyance et manigance;2.6
Wackness;3.1
Waiter!;3.1
Waitress;3.4
Wallace et Gromit : le Mystère du lapin-garou;4.9
Wanted;2.6
War Dogs;3.4
Warm Bodies;3.3
Wasabi - La petite moutarde qui monte au nez;3.0
We Want Sex Equality;3.7
We are the best!;3.2
Week-end Royal;2.8
Welcome Home;3.4
West Coast;2.1
Whatever Works;3.9
White Night Wedding;2.6
Whiteboys;3.0
Wild Generation;2.9
Winnipeg mon amour;4.4
Woman on the Beach;4.2
Workers;3.8
Wrong;3.1
Wrong Cops;3.0
Y a-t-il un flic pour sauver l'humanité ?;2.0
Yamakasi;3.0
Yes Man;3.2
Yogi l'ours;2.3
You Kill Me;3.2
Young Adult;3.0
Youth;3.6
Ze Film;3.3
Zim and co.;3.6
Zombillénium;3.4
Zoolander;3.4
Zoolander 2;2.4
Zoom;2.6
Zootopie;4.0
Zouzou;2.3
¡Salsa!;3.1
À bras ouverts;1.8
À fond;2.9
À la rencontre de Forrester;3.4
Ôtez-moi d'un doute;3.4
